Domain,TLD,Hosting,Target,URL
3d.fmlkost.kz,kz,self-registered / other,unknown,
3s9yw.mylp.kz,kz,mylp.kz,unknown,
5-6451047.jcloud.kz,kz,jcloud.kz,unknown,
64e5p4.mylp.kz,kz,mylp.kz,unknown,
a.mycloud.kz,kz,self-registered / other,unknown,
access-bomcripto-com.jcloud.kz,kz,jcloud.kz,unknown,
act-fire.kz,kz,self-registered / other,unknown,
aidanochka-tabys.kz,kz,self-registered / other,unknown,
aipm.kz,kz,self-registered / other,unknown,
akar.com.kz,com.kz,self-registered / other,unknown,
akbotago.kz,kz,self-registered / other,unknown,
akbotalive.kz,kz,self-registered / other,unknown,
akjelkentur.kz,kz,self-registered / other,unknown,
akketik.kz,kz,self-registered / other,unknown,
aktoreas.kz,kz,self-registered / other,unknown,
alamservice.kz,kz,self-registered / other,unknown,
allergoclinic.kz,kz,self-registered / other,unknown,http://allergoclinic.kz/templates/beez_20/fonts/titilliummaps202.php
almaira.kz,kz,self-registered / other,unknown,
almatypilot.kz,kz,self-registered / other,Logistics,https://almatypilot.kz/wp-admin/set/docusign/docusign/u.php?l=dhl-dtracking_=_jehfuq_vjoxk0qwhtogydw=_jehfuq_vjoxk0qwhtogydw=_jehfuq_vjoxk0qwhto=
almirak.kz,kz,self-registered / other,unknown,
almirakelinn.kz,kz,self-registered / other,unknown,
almiramoney.kz,kz,self-registered / other,unknown,
almiras.kz,kz,self-registered / other,unknown,
almirochka.kz,kz,self-registered / other,unknown,
antena-uk.kz,kz,self-registered / other,unknown,
anuarw.kz,kz,self-registered / other,unknown,
app-nubanksptbr-2021br.jcloud.kz,kz,jcloud.kz,Brazil banking/retail,
appleid.com.kz,com.kz,self-registered / other,Apple/iCloud,https://appleid.com.kz/m/sing/ia3zj
appleoficial.com.kz,com.kz,self-registered / other,Apple/iCloud,https://appleoficial.com.kz/m/sing/ia3zj
applesoporte.com.kz,com.kz,self-registered / other,Apple/iCloud,https://applesoporte.com.kz/la/omj4p
application-revalidacaonubr-2021.jcloud.kz,kz,jcloud.kz,unknown,
argenaruzhan.kz,kz,self-registered / other,unknown,
armelincontabilidade-0038853.jcloud.kz,kz,jcloud.kz,Brazil banking/retail,"https://armelincontabilidade-0038853.jcloud.kz/acessomob/loginautentica.php?logar=06,20,000000,31,sun,%2020%20mar%202022%2006:46:17%20+0000,22,06,46,17,3,6.out"
aruzhanochka.kz,kz,self-registered / other,unknown,
astra.com.kz,com.kz,self-registered / other,unknown,
avtouragan.kz,kz,self-registered / other,unknown,
bekahelp.kz,kz,self-registered / other,unknown,
bekawin.kz,kz,self-registered / other,unknown,
berik-crypt.kz,kz,self-registered / other,Crypto/NFT,
bitex.kz,kz,self-registered / other,Crypto/NFT,
brifing.kz,kz,self-registered / other,unknown,http://brifing.kz/wp-content/themes/twentytwentyfour/patterns/carrefour-ocvozrwbm5ookdupk4zo6ambanque-creditepargne-et-assurance.fr/connexion.php
celinnaya.kz,kz,self-registered / other,unknown,http://celinnaya.kz/wp-includes/sodium_compat/src/core/vpc2vuaw9/v4/cmd-login=1d55f2cd7b3eccc3fca3064aa1b83a55/d6zlveqxpvrjfzihrq5vo4ci.php?rand=13inboxlightaspxn.1774256418&fid.4.1252899642&fid=1&fav.1&rand.13inboxlight.aspxn.1774256418&fid.1252899642&fid.1&fav.1&email=616e56736157557563476c6a613246795a45426a6448517559323974&loginpage=&.rand=13inboxlight.aspx?n=1774256418&fid=4
cliente-home.jcloud.kz,kz,jcloud.kz,unknown,
colombinicasa.kz,kz,self-registered / other,unknown,http://colombinicasa.kz/sitemaps/cms/service/help
comercialwaveshoop-02735.jcloud.kz,kz,jcloud.kz,unknown,
comercio-inbox-tmj-ltda.jcloud.kz,kz,jcloud.kz,Brazil banking/retail,https://comercio-inbox-tmj-ltda.jcloud.kz/?@@@@197478
comercioeletronicojomser202201.jcloud.kz,kz,jcloud.kz,Brazil banking/retail,https://comercioeletronicojomser202201.jcloud.kz
comfortperevozki.kz,kz,self-registered / other,Microsoft/Webmail,https://comfortperevozki.kz/css/d/imiaru.csv/account.mail.ru/index.php?userid=[redacted-email]
cupidonn.kz,kz,self-registered / other,unknown,https://cupidonn.kz
cupidonot.kz,kz,self-registered / other,unknown,https://cupidonot.kz
dev-shop.kz,kz,self-registered / other,unknown,
dk.domholding.kz,kz,self-registered / other,unknown,
dorzapchast.kz,kz,self-registered / other,unknown,
ducat.kz,kz,self-registered / other,unknown,
dvigy7.mylp.kz,kz,mylp.kz,unknown,
eb2r5q.mylp.kz,kz,mylp.kz,unknown,
ecocashback.kz,kz,self-registered / other,unknown,https://ecocashback.kz/s/loaded
elvin-trade.kz,kz,self-registered / other,unknown,
entre-conta.jcloud.kz,kz,jcloud.kz,Brazil banking/retail,https://entre-conta.jcloud.kz/banesee
env-verifica-valida--0001648.jcloud.kz,kz,jcloud.kz,unknown,
envsuport-cliente-n84.jcloud.kz,kz,jcloud.kz,unknown,
facebook.meweb.kz,kz,self-registered / other,Social/Media,
fenixtuboscobrancas-0934655442amsprmn.jcloud.kz,kz,jcloud.kz,unknown,https://fenixtuboscobrancas-0934655442amsprmn.jcloud.kz
firstworkingpage.kz,kz,self-registered / other,unknown,https://firstworkingpage.kz
freshnews.kz,kz,self-registered / other,unknown,
givememoney.kz,kz,self-registered / other,unknown,
globa.kz,kz,self-registered / other,unknown,https://globa.kz/wp-admin/b/aspx.php
halykbankres.xyz,xyz,self-registered / other,Halyk,https://halykbankres.xyz/zFDV9sBK
hipercardconsultafatura.jcloud.kz,kz,jcloud.kz,Brazil banking/retail,https://hipercardconsultafatura.jcloud.kz
homecreditt.kz,kz,self-registered / other,unknown,https://homecreditt.kz
hordelo.kz,kz,self-registered / other,unknown,
htuqi.mylp.kz,kz,mylp.kz,unknown,
icloud.com.kz,com.kz,self-registered / other,Apple/iCloud,https://icloud.com.kz/m/jzuhr
idapple.com.kz,com.kz,self-registered / other,Apple/iCloud,http://idapple.com.kz/m/sing/ia3zj
infoirc.kz,kz,self-registered / other,unknown,
instargam.kz,kz,self-registered / other,unknown,
ismailbota.kz,kz,self-registered / other,unknown,
isupport.com.kz,com.kz,self-registered / other,Apple/iCloud,https://isupport.com.kz/m/fw9yj
jenil-tabys.kz,kz,self-registered / other,unknown,https://jenil-tabys.kz
jetigen.kz,kz,self-registered / other,unknown,
joint.kz,kz,self-registered / other,US/EU banking,http://joint.kz/wp-includes/sodium_compat/src/core/chacha20/chase/home/myaccount
karkar.maxioma.kz,kz,self-registered / other,unknown,https://karkar.maxioma.kz/login/loginfirst.php
kaspibank.auth-telegramm.ru,ru,self-registered / other,Kaspi,
kaspiy-delfin.tarho05.ru,ru,self-registered / other,Kaspi,http://kaspiy-delfin.tarho05.ru/info/myaccount/signin/?country.x=us&locale.x=en_us
katradis.kz,kz,self-registered / other,unknown,https://katradis.kz
kazcomp.kz,kz,self-registered / other,unknown,https://kazcomp.kz/mandt
kazkurort.kz,kz,self-registered / other,Social/Media,https://kazkurort.kz/bitrix/admin/cr/bhalinkedin/index.html
kekk.kz,kz,self-registered / other,US/EU banking,https://kekk.kz/wp-includes/css/navy.federal.confirm.deposit.html
kgvu2i.mylp.kz,kz,mylp.kz,unknown,
kztorgteh.kz,kz,self-registered / other,unknown,
labsmolin.kz,kz,self-registered / other,unknown,
laminat-almaty.kz,kz,self-registered / other,unknown,
linzochki.kz,kz,self-registered / other,unknown,
live-mail-microsoft.jcloud.kz,kz,jcloud.kz,Microsoft/Webmail,"https://live-mail-microsoft.jcloud.kz/acessomob/loginautentica.php?logar=05,4,000000,30,tue,%2004%20jun%202024%2017:01:50%20+0000,24,17,01,50,6,5.out"
loginlivemailoffice365brcombr-newviws342324.jcloud.kz,kz,jcloud.kz,Microsoft/Webmail,"https://loginlivemailoffice365brcombr-newviws342324.jcloud.kz/acessodes/login/logininicial.php?logar=08,9,000000,31,sat,%2009%20oct%202021%2020:36:11%20+0000,21,20,36,11,10,8.out"
lombard-capital.kz,kz,self-registered / other,unknown,https://lombard-capital.kz/modules/mod_simplefileuploadv1.3/elements/zsyhufj/murder
loridamin.kashlyanet.kz,kz,self-registered / other,unknown,https://loridamin.kashlyanet.kz/489732/8976512
ltda-inbox-out.jcloud.kz,kz,jcloud.kz,Brazil banking/retail,https://ltda-inbox-out.jcloud.kz
madstsvvdfocxxxm-6079492.jcloud.kz,kz,jcloud.kz,unknown,https://madstsvvdfocxxxm-6079492.jcloud.kz
mail-contasistema-suport.jcloud.kz,kz,jcloud.kz,Brazil banking/retail,https://mail-contasistema-suport.jcloud.kz/acessodes/login/logininicial.php?logar=02
mail.akketik.kz,kz,self-registered / other,unknown,
mail.statsport.kz,kz,self-registered / other,unknown,
mail.stom-mangystau.kz,kz,self-registered / other,unknown,
manga-netflix10737.tinyblogging.com.xx3.kz,kz,self-registered / other,Social/Media,https://manga-netflix10737.tinyblogging.com.xx3.kz
mastmicrxxxxa-3418237.jcloud.kz,kz,jcloud.kz,unknown,https://mastmicrxxxxa-3418237.jcloud.kz
math.kz,kz,self-registered / other,unknown,http://math.kz/public/media/alc/account/card.php
matrasonline.kz,kz,self-registered / other,unknown,https://matrasonline.kz
maxioma.kz,kz,self-registered / other,unknown,http://maxioma.kz/anmeldung
metamask.kz,kz,self-registered / other,Crypto/NFT,https://metamask.kz
mindmeldhub.kz,kz,self-registered / other,unknown,https://mindmeldhub.kz
miss-kazakhstan.store,store,self-registered / other,Generic KZ,https://miss-kazakhstan.store
molyabest.kz,kz,self-registered / other,unknown,https://molyabest.kz
molyamoney.kz,kz,self-registered / other,unknown,https://molyamoney.kz
mtiahq.mylp.kz,kz,mylp.kz,unknown,
nakonay-money.kz,kz,self-registered / other,unknown,
nakonways.kz,kz,self-registered / other,unknown,
nazym.kz,kz,self-registered / other,unknown,https://nazym.kz
nazymhanym.kz,kz,self-registered / other,unknown,https://nazymhanym.kz
nazymtabys.kz,kz,self-registered / other,unknown,https://nazymtabys.kz
ndsj0d.mylp.kz,kz,mylp.kz,unknown,http://ndsj0d.mylp.kz/?new=3d1626207693225
nerekebot.kz,kz,self-registered / other,unknown,https://nerekebot.kz
new.aks-shop.kz,kz,self-registered / other,unknown,http://new.aks-shop.kz/login/portalserver/signin
nikanet.kz,kz,self-registered / other,unknown,
nncrz-uslugi.kz,kz,self-registered / other,unknown,https://nncrz-uslugi.kz/wp-content/plugins/lk/liinkedinhardest/900
node45646-fatura-online-renner.jcloud.kz,kz,jcloud.kz,Brazil banking/retail,https://node45646-fatura-online-renner.jcloud.kz
nokbba.mylp.kz,kz,mylp.kz,unknown,
nurlab.kz,kz,self-registered / other,US/EU banking,https://nurlab.kz/wp-content/dkb/clients/login.php?verification
ofp.kz,kz,self-registered / other,unknown,
olimppbt.kz,kz,self-registered / other,unknown,https://olimppbt.kz
olxkz.pay-sacure4ds.ru,ru,self-registered / other,OLX.kz,https://olxkz.pay-sacure4ds.ru
opansea.com.kz,com.kz,self-registered / other,Crypto/NFT,https://opansea.com.kz
opensea-io.com.kz,com.kz,self-registered / other,Crypto/NFT,https://opensea-io.com.kz
opensea-io.kz,kz,self-registered / other,Crypto/NFT,https://opensea-io.kz
opensea.com.kz,com.kz,self-registered / other,Crypto/NFT,https://opensea.com.kz
opensea.org.kz,org.kz,self-registered / other,Crypto/NFT,https://opensea.org.kz
openskills.kz,kz,self-registered / other,unknown,
opersea-io.org.kz,org.kz,self-registered / other,Crypto/NFT,https://opersea-io.org.kz
opersea.com.kz,com.kz,self-registered / other,Crypto/NFT,https://opersea.com.kz
owa.kz,kz,self-registered / other,Microsoft/Webmail,
partschina.kz,kz,self-registered / other,unknown,
pdphab.mylp.kz,kz,mylp.kz,unknown,
phytomills.kz,kz,self-registered / other,unknown,http://phytomills.kz/-/3fb1e7cea51ad50b3285fa5c5339eef3/execution.html?redacted
plants.kz,kz,self-registered / other,unknown,
pop.bs-land.kz,kz,self-registered / other,unknown,https://pop.bs-land.kz
post-kz.lol,lol,self-registered / other,Kazpost,https://post-kz.lol
postsfb-0589860986.sakinat-taro.kz,kz,self-registered / other,unknown,https://postsfb-0589860986.sakinat-taro.kz/connect.html?timelimit=68c2f085aa73fa7a2bbc7f86ad2e66fd
premier-optika.kz,kz,self-registered / other,unknown,
pysykkelin.kz,kz,self-registered / other,unknown,https://pysykkelin.kz
qaisarqaisar.kz,kz,self-registered / other,unknown,https://qaisarqaisar.kz
qazalipbi.kz,kz,self-registered / other,unknown,https://qazalipbi.kz/wp-includes/ixr/index-121-90.html
qujat.kz,kz,self-registered / other,unknown,https://qujat.kz/cogdd.html
r.oblox.com.kz,com.kz,self-registered / other,Social/Media,
realizesolucoesfinanceiras.com.kz,com.kz,self-registered / other,unknown,
retificademotores-9865352.jcloud.kz,kz,jcloud.kz,unknown,https://retificademotores-9865352.jcloud.kz
rm699.mylp.kz,kz,mylp.kz,unknown,
roblox.com.kz,com.kz,self-registered / other,Social/Media,http://roblox.com.kz/users/830886599/profileprivateserverlinkcode=6411303568573140629023122
roninsushi.kz,kz,self-registered / other,unknown,https://roninsushi.kz/wp-admin/js/nb12538z/index.php?uid=3mail@b.c
sad3.ayagoz-roo.kz,kz,self-registered / other,unknown,
saryagashbronoffice.kz,kz,self-registered / other,Microsoft/Webmail,https://saryagashbronoffice.kz/tdbank/clients/login.php
sct.kz,kz,self-registered / other,US/EU banking,https://sct.kz/hr/otp/otbbank-v5
search.fe.kz,kz,self-registered / other,Logistics,https://search.fe.kz/diepost.php
semeyainasy.kz,kz,self-registered / other,unknown,https://semeyainasy.kz/wp-content/banners/anuayomi
sistema-erro480254-conta.jcloud.kz,kz,jcloud.kz,unknown,https://sistema-erro480254-conta.jcloud.kz
skazki-olga-bogacheva.kz,kz,self-registered / other,unknown,
soporteapple.com.kz,com.kz,self-registered / other,Apple/iCloud,https://soporteapple.com.kz/m/sing/ia3zj
spotifyapp.atekps.kz,kz,self-registered / other,Social/Media,https://spotifyapp.atekps.kz/svg
stormprof.kz,kz,self-registered / other,Logistics,https://stormprof.kz/postaajvdjevch/iuzfgtcuf/hjqsdshgzkefbj/adovisszaterites.php
sula.kz,kz,self-registered / other,unknown,https://sula.kz
suport-mail-conta-n475841.jcloud.kz,kz,jcloud.kz,unknown,https://suport-mail-conta-n475841.jcloud.kz
supportapple.com.kz,com.kz,self-registered / other,Apple/iCloud,https://supportapple.com.kz/la/rnkjj
t64i7.mylp.kz,kz,mylp.kz,unknown,http://t64i7.mylp.kz/?new=1626143183098
tanauto.kz,kz,self-registered / other,unknown,http://tanauto.kz/?url=https://stt-wiworotomo.ac.id/auth/now/oncor(6)///3mail@b.c
tntm2o.mylp.kz,kz,mylp.kz,unknown,http://tntm2o.mylp.kz
to1am.mylp.kz,kz,mylp.kz,unknown,http://to1am.mylp.kz/?new=1626225307163
tours.kassir.kz,kz,self-registered / other,unknown,http://tours.kassir.kz/emirate/grlg.php?email=[redacted-email]
tp.ukgu.kz,kz,self-registered / other,unknown,http://tp.ukgu.kz/sites/default/files/udo/akunuba/amencn-1/index.php?email=[redacted-email]
trade-company.kz,kz,self-registered / other,unknown,https://trade-company.kz/it.html?0768
ts55ry.mylp.kz,kz,mylp.kz,unknown,http://ts55ry.mylp.kz/?new=1626225114327
tsp.kz,kz,self-registered / other,unknown,
unbounce-93467443.jcloud.kz,kz,jcloud.kz,unknown,http://unbounce-93467443.jcloud.kz/?190151
uniswap.com.kz,com.kz,self-registered / other,Crypto/NFT,https://uniswap.com.kz
usps.postkz.us,us,self-registered / other,Kazpost,https://usps.postkz.us
uzbekkrut.kz,kz,self-registered / other,unknown,http://uzbekkrut.kz
versh.kupi-business.kz,kz,self-registered / other,Logistics,https://versh.kupi-business.kz/.anjelo/pp/dhl_topscript/source/?email=
www.aktoreas.kz,kz,self-registered / other,unknown,http://www.aktoreas.kz
www.almirak.kz,kz,self-registered / other,unknown,https://www.almirak.kz
www.almirakelinka.kz,kz,self-registered / other,unknown,https://www.almirakelinka.kz
www.almirochka.kz,kz,self-registered / other,unknown,https://www.almirochka.kz
www.idapple.com.kz,com.kz,self-registered / other,Apple/iCloud,https://www.idapple.com.kz/m/rrbjj
www.kazniisa.kz,kz,self-registered / other,unknown,http://www.kazniisa.kz/language/en
www.kazpost.kz,kz,self-registered / other,Kazpost,https://www.kazpost.kz/kk
www.kemenger.kz,kz,self-registered / other,unknown,https://www.kemenger.kz/simplepie/components/wednesday/september/95a02e0c55b743e25d24a8d13619dc8e/login.php?sslchannel=true&sessionid=fqmymbwvfk7ogimgga0feaf0jjpvpdecgvs5ihwllcju66lietx8vgt4wb9kjlww6hbas4wymsxxpebn1ozbeq5oja3wlcnbcgwfvop4rapp6s9esiszexenurdwuzxqvz
www.miaccount.com.kz,com.kz,self-registered / other,Apple/iCloud,https://www.miaccount.com.kz/m/sing/a36dj
www.molyamoney.kz,kz,self-registered / other,unknown,http://www.molyamoney.kz
www.opensea-io.kz,kz,self-registered / other,Crypto/NFT,https://www.opensea-io.kz
www.opensea-io.org.kz,org.kz,self-registered / other,Crypto/NFT,https://www.opensea-io.org.kz
www.qube.kz,kz,self-registered / other,Microsoft/Webmail,https://www.qube.kz/assets/webmail-rd127
www.roblox.com.kz,com.kz,self-registered / other,Social/Media,https://www.roblox.com.kz/users/1212787/profile
www.styling.kz,kz,self-registered / other,unknown,https://www.styling.kz/dikgqecqbv/a../deactivation/source/?email=[redacted-email]
zhurek.kz,kz,self-registered / other,unknown,https://zhurek.kz/images/han
zlihaorig.kz,kz,self-registered / other,unknown,http://zlihaorig.kz
zond.kz,kz,self-registered / other,unknown,https://zond.kz/wordpress/wp-content/tye/login
zont-online.kz,kz,self-registered / other,unknown,https://zont-online.kz/wp-content/languages/plugins/usafever.antworten.283387842102viewitemitem.283387842102.nfrage.ansehenocsnext.deocscusrquery.2882.domain.mail1073.html
zzzxm.mylp.kz,kz,mylp.kz,unknown,http://zzzxm.mylp.kz/?new=1626225230407
