indicator,type,status,brand,category,tld,platform,impersonated,hosting_pattern,feed_false_positive,example_url,source,collected_at
3d.fmlkost.kz,domain,active,,kz-hosted,kz,self-registered / other,unknown,registered domain,no,,Phishing.Database,2026-09-27
3s9yw.mylp.kz,domain,active,,kz-hosted,kz,mylp.kz,unknown,free subdomain platform,no,,Phishing.Database,2026-09-27
5-6451047.jcloud.kz,domain,active,,kz-hosted,kz,jcloud.kz,unknown,free subdomain platform,no,,Phishing.Database,2026-09-27
64e5p4.mylp.kz,domain,active,,kz-hosted,kz,mylp.kz,unknown,free subdomain platform,no,,Phishing.Database,2026-09-27
a.mycloud.kz,domain,active,,kz-hosted,kz,self-registered / other,unknown,registered domain,no,,Phishing.Database,2026-09-27
access-bomcripto-com.jcloud.kz,domain,active,,kz-hosted,kz,jcloud.kz,unknown,free subdomain platform,no,,Phishing.Database,2026-09-27
act-fire.kz,domain,active,,kz-hosted,kz,self-registered / other,unknown,registered domain,no,,Phishing.Database,2026-09-27
aidanochka-tabys.kz,domain,active,,kz-hosted,kz,self-registered / other,unknown,registered domain,no,,Phishing.Database,2026-09-27
aipm.kz,domain,active,,kz-hosted,kz,self-registered / other,unknown,registered domain,no,,Phishing.Database,2026-09-27
akar.com.kz,domain,active,,kz-hosted,com.kz,self-registered / other,unknown,registered domain,no,,Phishing.Database,2026-09-27
akbotago.kz,domain,active,,kz-hosted,kz,self-registered / other,unknown,registered domain,no,,Phishing.Database,2026-09-27
akbotalive.kz,domain,active,,kz-hosted,kz,self-registered / other,unknown,registered domain,no,,Phishing.Database,2026-09-27
akjelkentur.kz,domain,active,,kz-hosted,kz,self-registered / other,unknown,registered domain,no,,Phishing.Database,2026-09-27
akketik.kz,domain,active,,kz-hosted,kz,self-registered / other,unknown,registered domain,no,,Phishing.Database,2026-09-27
aktoreas.kz,domain,active,,kz-hosted,kz,self-registered / other,unknown,registered domain,no,,Phishing.Database,2026-09-27
alamservice.kz,domain,active,,kz-hosted,kz,self-registered / other,unknown,registered domain,no,,Phishing.Database,2026-09-27
allergoclinic.kz,domain,active,,kz-hosted,kz,self-registered / other,unknown,compromised CMS site,no,http://allergoclinic.kz/templates/beez_20/fonts/titilliummaps202.php,Phishing.Database,2026-09-27
almaira.kz,domain,active,,kz-hosted,kz,self-registered / other,unknown,registered domain,no,,Phishing.Database,2026-09-27
almatypilot.kz,domain,active,,kz-hosted,kz,self-registered / other,Logistics,compromised CMS site,no,https://almatypilot.kz/wp-admin/set/docusign/docusign/u.php?l=dhl-dtracking_=_jehfuq_vjoxk0qwhtogydw=_jehfuq_vjoxk0qwhtogydw=_jehfuq_vjoxk0qwhto=,Phishing.Database,2026-09-27
almirak.kz,domain,active,,kz-hosted,kz,self-registered / other,unknown,registered domain,no,,Phishing.Database,2026-09-27
almirakelinn.kz,domain,active,,kz-hosted,kz,self-registered / other,unknown,registered domain,no,,Phishing.Database,2026-09-27
almiramoney.kz,domain,active,,kz-hosted,kz,self-registered / other,unknown,registered domain,no,,Phishing.Database,2026-09-27
almiras.kz,domain,active,,kz-hosted,kz,self-registered / other,unknown,registered domain,no,,Phishing.Database,2026-09-27
almirochka.kz,domain,active,,kz-hosted,kz,self-registered / other,unknown,registered domain,no,,Phishing.Database,2026-09-27
antena-uk.kz,domain,active,,kz-hosted,kz,self-registered / other,unknown,registered domain,no,,Phishing.Database,2026-09-27
anuarw.kz,domain,active,,kz-hosted,kz,self-registered / other,unknown,registered domain,no,,Phishing.Database,2026-09-27
app-nubanksptbr-2021br.jcloud.kz,domain,active,,kz-hosted,kz,jcloud.kz,Brazil banking/retail,free subdomain platform,no,,Phishing.Database,2026-09-27
appleid.com.kz,domain,active,,kz-hosted,com.kz,self-registered / other,Apple/iCloud,registered domain,no,https://appleid.com.kz/m/sing/ia3zj,Phishing.Database,2026-09-27
appleoficial.com.kz,domain,active,,kz-hosted,com.kz,self-registered / other,Apple/iCloud,registered domain,no,https://appleoficial.com.kz/m/sing/ia3zj,Phishing.Database,2026-09-27
applesoporte.com.kz,domain,active,,kz-hosted,com.kz,self-registered / other,Apple/iCloud,registered domain,no,https://applesoporte.com.kz/la/omj4p,Phishing.Database,2026-09-27
application-revalidacaonubr-2021.jcloud.kz,domain,active,,kz-hosted,kz,jcloud.kz,unknown,free subdomain platform,no,,Phishing.Database,2026-09-27
argenaruzhan.kz,domain,active,,kz-hosted,kz,self-registered / other,unknown,registered domain,no,,Phishing.Database,2026-09-27
armelincontabilidade-0038853.jcloud.kz,domain,active,,kz-hosted,kz,jcloud.kz,Brazil banking/retail,free subdomain platform,no,"https://armelincontabilidade-0038853.jcloud.kz/acessomob/loginautentica.php?logar=06,20,000000,31,sun,%2020%20mar%202022%2006:46:17%20+0000,22,06,46,17,3,6.out",Phishing.Database,2026-09-27
aruzhanochka.kz,domain,active,,kz-hosted,kz,self-registered / other,unknown,registered domain,no,,Phishing.Database,2026-09-27
astra.com.kz,domain,active,,kz-hosted,com.kz,self-registered / other,unknown,registered domain,no,,Phishing.Database,2026-09-27
avtouragan.kz,domain,active,,kz-hosted,kz,self-registered / other,unknown,registered domain,no,,Phishing.Database,2026-09-27
bekahelp.kz,domain,active,,kz-hosted,kz,self-registered / other,unknown,registered domain,no,,Phishing.Database,2026-09-27
bekawin.kz,domain,active,,kz-hosted,kz,self-registered / other,unknown,registered domain,no,,Phishing.Database,2026-09-27
berik-crypt.kz,domain,active,,kz-hosted,kz,self-registered / other,Crypto/NFT,registered domain,no,,Phishing.Database,2026-09-27
bitex.kz,domain,active,,kz-hosted,kz,self-registered / other,Crypto/NFT,registered domain,no,,Phishing.Database,2026-09-27
brifing.kz,domain,active,,kz-hosted,kz,self-registered / other,unknown,compromised CMS site,no,http://brifing.kz/wp-content/themes/twentytwentyfour/patterns/carrefour-ocvozrwbm5ookdupk4zo6ambanque-creditepargne-et-assurance.fr/connexion.php,Phishing.Database,2026-09-27
celinnaya.kz,domain,active,,kz-hosted,kz,self-registered / other,unknown,compromised CMS site,no,http://celinnaya.kz/wp-includes/sodium_compat/src/core/vpc2vuaw9/v4/cmd-login=1d55f2cd7b3eccc3fca3064aa1b83a55/d6zlveqxpvrjfzihrq5vo4ci.php?rand=13inboxlightaspxn.1774256418&fid.4.1252899642&fid=1&fav.1&rand.13inboxlight.aspxn.1774256418&fid.1252899642&fid.1&fav.1&email=616e56736157557563476c6a613246795a45426a6448517559323974&loginpage=&.rand=13inboxlight.aspx?n=1774256418&fid=4,Phishing.Database,2026-09-27
cliente-home.jcloud.kz,domain,active,,kz-hosted,kz,jcloud.kz,unknown,free subdomain platform,no,,Phishing.Database,2026-09-27
colombinicasa.kz,domain,active,,kz-hosted,kz,self-registered / other,unknown,registered domain,no,http://colombinicasa.kz/sitemaps/cms/service/help,Phishing.Database,2026-09-27
comercialwaveshoop-02735.jcloud.kz,domain,active,,kz-hosted,kz,jcloud.kz,unknown,free subdomain platform,no,,Phishing.Database,2026-09-27
comercio-inbox-tmj-ltda.jcloud.kz,domain,active,,kz-hosted,kz,jcloud.kz,Brazil banking/retail,free subdomain platform,no,https://comercio-inbox-tmj-ltda.jcloud.kz/?@@@@197478,Phishing.Database,2026-09-27
comercioeletronicojomser202201.jcloud.kz,domain,active,,kz-hosted,kz,jcloud.kz,Brazil banking/retail,free subdomain platform,no,https://comercioeletronicojomser202201.jcloud.kz,Phishing.Database,2026-09-27
comfortperevozki.kz,domain,active,,kz-hosted,kz,self-registered / other,Microsoft/Webmail,registered domain,no,https://comfortperevozki.kz/css/d/imiaru.csv/account.mail.ru/index.php?userid=[redacted-email],Phishing.Database,2026-09-27
cupidonn.kz,domain,active,,kz-hosted,kz,self-registered / other,unknown,registered domain,no,https://cupidonn.kz,Phishing.Database,2026-09-27
cupidonot.kz,domain,active,,kz-hosted,kz,self-registered / other,unknown,registered domain,no,https://cupidonot.kz,Phishing.Database,2026-09-27
dev-shop.kz,domain,active,,kz-hosted,kz,self-registered / other,unknown,registered domain,no,,Phishing.Database,2026-09-27
dk.domholding.kz,domain,active,,kz-hosted,kz,self-registered / other,unknown,registered domain,no,,Phishing.Database,2026-09-27
dorzapchast.kz,domain,active,,kz-hosted,kz,self-registered / other,unknown,registered domain,no,,Phishing.Database,2026-09-27
ducat.kz,domain,active,,kz-hosted,kz,self-registered / other,unknown,registered domain,no,,Phishing.Database,2026-09-27
dvigy7.mylp.kz,domain,active,,kz-hosted,kz,mylp.kz,unknown,free subdomain platform,no,,Phishing.Database,2026-09-27
eb2r5q.mylp.kz,domain,active,,kz-hosted,kz,mylp.kz,unknown,free subdomain platform,no,,Phishing.Database,2026-09-27
ecocashback.kz,domain,active,,kz-hosted,kz,self-registered / other,unknown,registered domain,no,https://ecocashback.kz/s/loaded,Phishing.Database,2026-09-27
elvin-trade.kz,domain,active,,kz-hosted,kz,self-registered / other,unknown,registered domain,no,,Phishing.Database,2026-09-27
entre-conta.jcloud.kz,domain,active,,kz-hosted,kz,jcloud.kz,Brazil banking/retail,free subdomain platform,no,https://entre-conta.jcloud.kz/banesee,Phishing.Database,2026-09-27
env-verifica-valida--0001648.jcloud.kz,domain,active,,kz-hosted,kz,jcloud.kz,unknown,free subdomain platform,no,,Phishing.Database,2026-09-27
envsuport-cliente-n84.jcloud.kz,domain,active,,kz-hosted,kz,jcloud.kz,unknown,free subdomain platform,no,,Phishing.Database,2026-09-27
facebook.meweb.kz,domain,active,,kz-hosted,kz,self-registered / other,Social/Media,registered domain,no,,Phishing.Database,2026-09-27
fenixtuboscobrancas-0934655442amsprmn.jcloud.kz,domain,active,,kz-hosted,kz,jcloud.kz,unknown,free subdomain platform,no,https://fenixtuboscobrancas-0934655442amsprmn.jcloud.kz,Phishing.Database,2026-09-27
firstworkingpage.kz,domain,active,,kz-hosted,kz,self-registered / other,unknown,registered domain,no,https://firstworkingpage.kz,Phishing.Database,2026-09-27
freshnews.kz,domain,active,,kz-hosted,kz,self-registered / other,unknown,registered domain,no,,Phishing.Database,2026-09-27
givememoney.kz,domain,active,,kz-hosted,kz,self-registered / other,unknown,registered domain,no,,Phishing.Database,2026-09-27
globa.kz,domain,active,,kz-hosted,kz,self-registered / other,unknown,compromised CMS site,no,https://globa.kz/wp-admin/b/aspx.php,Phishing.Database,2026-09-27
halykbankres.xyz,domain,active,Halyk,brand-impersonation,xyz,self-registered / other,Halyk,registered domain,no,https://halykbankres.xyz/zFDV9sBK,Phishing.Database,2026-09-27
hipercardconsultafatura.jcloud.kz,domain,active,,kz-hosted,kz,jcloud.kz,Brazil banking/retail,free subdomain platform,no,https://hipercardconsultafatura.jcloud.kz,Phishing.Database,2026-09-27
homecreditt.kz,domain,active,,kz-hosted,kz,self-registered / other,unknown,registered domain,no,https://homecreditt.kz,Phishing.Database,2026-09-27
hordelo.kz,domain,active,,kz-hosted,kz,self-registered / other,unknown,registered domain,no,,Phishing.Database,2026-09-27
htuqi.mylp.kz,domain,active,,kz-hosted,kz,mylp.kz,unknown,free subdomain platform,no,,Phishing.Database,2026-09-27
icloud.com.kz,domain,active,,kz-hosted,com.kz,self-registered / other,Apple/iCloud,registered domain,no,https://icloud.com.kz/m/jzuhr,Phishing.Database,2026-09-27
idapple.com.kz,domain,active,,kz-hosted,com.kz,self-registered / other,Apple/iCloud,registered domain,no,http://idapple.com.kz/m/sing/ia3zj,Phishing.Database,2026-09-27
infoirc.kz,domain,active,,kz-hosted,kz,self-registered / other,unknown,registered domain,no,,Phishing.Database,2026-09-27
instargam.kz,domain,active,,kz-hosted,kz,self-registered / other,unknown,registered domain,no,,Phishing.Database,2026-09-27
ismailbota.kz,domain,active,,kz-hosted,kz,self-registered / other,unknown,registered domain,no,,Phishing.Database,2026-09-27
isupport.com.kz,domain,active,,kz-hosted,com.kz,self-registered / other,Apple/iCloud,registered domain,no,https://isupport.com.kz/m/fw9yj,Phishing.Database,2026-09-27
jenil-tabys.kz,domain,active,,kz-hosted,kz,self-registered / other,unknown,registered domain,no,https://jenil-tabys.kz,Phishing.Database,2026-09-27
jetigen.kz,domain,active,,kz-hosted,kz,self-registered / other,unknown,registered domain,no,,Phishing.Database,2026-09-27
joint.kz,domain,active,,kz-hosted,kz,self-registered / other,US/EU banking,compromised CMS site,no,http://joint.kz/wp-includes/sodium_compat/src/core/chacha20/chase/home/myaccount,Phishing.Database,2026-09-27
karkar.maxioma.kz,domain,inactive,,kz-hosted,kz,self-registered / other,unknown,registered domain,no,https://karkar.maxioma.kz/login/loginfirst.php,Phishing.Database,2026-09-27
kaspibank.auth-telegramm.ru,domain,active,Kaspi,brand-impersonation,ru,self-registered / other,Kaspi,registered domain,no,,Phishing.Database,2026-09-27
kaspiy-delfin.tarho05.ru,domain,active,Kaspi,brand-impersonation,ru,self-registered / other,Kaspi,registered domain,no,http://kaspiy-delfin.tarho05.ru/info/myaccount/signin/?country.x=us&locale.x=en_us,Phishing.Database,2026-09-27
katradis.kz,domain,active,,kz-hosted,kz,self-registered / other,unknown,registered domain,no,https://katradis.kz,Phishing.Database,2026-09-27
kazcomp.kz,domain,active,,kz-hosted,kz,self-registered / other,unknown,registered domain,no,https://kazcomp.kz/mandt,Phishing.Database,2026-09-27
kazkurort.kz,domain,active,,kz-hosted,kz,self-registered / other,Social/Media,compromised CMS site,no,https://kazkurort.kz/bitrix/admin/cr/bhalinkedin/index.html,Phishing.Database,2026-09-27
kekk.kz,domain,active,,kz-hosted,kz,self-registered / other,US/EU banking,compromised CMS site,no,https://kekk.kz/wp-includes/css/navy.federal.confirm.deposit.html,Phishing.Database,2026-09-27
kgvu2i.mylp.kz,domain,active,,kz-hosted,kz,mylp.kz,unknown,free subdomain platform,no,,Phishing.Database,2026-09-27
kztorgteh.kz,domain,active,,kz-hosted,kz,self-registered / other,unknown,registered domain,no,,Phishing.Database,2026-09-27
labsmolin.kz,domain,active,,kz-hosted,kz,self-registered / other,unknown,registered domain,no,,Phishing.Database,2026-09-27
laminat-almaty.kz,domain,active,,kz-hosted,kz,self-registered / other,unknown,registered domain,no,,Phishing.Database,2026-09-27
linzochki.kz,domain,active,,kz-hosted,kz,self-registered / other,unknown,registered domain,no,,Phishing.Database,2026-09-27
live-mail-microsoft.jcloud.kz,domain,active,,kz-hosted,kz,jcloud.kz,Microsoft/Webmail,free subdomain platform,no,"https://live-mail-microsoft.jcloud.kz/acessomob/loginautentica.php?logar=05,4,000000,30,tue,%2004%20jun%202024%2017:01:50%20+0000,24,17,01,50,6,5.out",Phishing.Database,2026-09-27
loginlivemailoffice365brcombr-newviws342324.jcloud.kz,domain,active,,kz-hosted,kz,jcloud.kz,Microsoft/Webmail,free subdomain platform,no,"https://loginlivemailoffice365brcombr-newviws342324.jcloud.kz/acessodes/login/logininicial.php?logar=08,9,000000,31,sat,%2009%20oct%202021%2020:36:11%20+0000,21,20,36,11,10,8.out",Phishing.Database,2026-09-27
lombard-capital.kz,domain,active,,kz-hosted,kz,self-registered / other,unknown,compromised CMS site,no,https://lombard-capital.kz/modules/mod_simplefileuploadv1.3/elements/zsyhufj/murder,Phishing.Database,2026-09-27
loridamin.kashlyanet.kz,domain,active,,kz-hosted,kz,self-registered / other,unknown,registered domain,no,https://loridamin.kashlyanet.kz/489732/8976512,Phishing.Database,2026-09-27
ltda-inbox-out.jcloud.kz,domain,active,,kz-hosted,kz,jcloud.kz,Brazil banking/retail,free subdomain platform,no,https://ltda-inbox-out.jcloud.kz,Phishing.Database,2026-09-27
madstsvvdfocxxxm-6079492.jcloud.kz,domain,active,,kz-hosted,kz,jcloud.kz,unknown,free subdomain platform,no,https://madstsvvdfocxxxm-6079492.jcloud.kz,Phishing.Database,2026-09-27
mail-contasistema-suport.jcloud.kz,domain,active,,kz-hosted,kz,jcloud.kz,Brazil banking/retail,free subdomain platform,no,https://mail-contasistema-suport.jcloud.kz/acessodes/login/logininicial.php?logar=02,Phishing.Database,2026-09-27
mail.akketik.kz,domain,active,,kz-hosted,kz,self-registered / other,unknown,registered domain,no,,Phishing.Database,2026-09-27
mail.statsport.kz,domain,active,,kz-hosted,kz,self-registered / other,unknown,registered domain,no,,Phishing.Database,2026-09-27
mail.stom-mangystau.kz,domain,active,,kz-hosted,kz,self-registered / other,unknown,registered domain,no,,Phishing.Database,2026-09-27
manga-netflix10737.tinyblogging.com.xx3.kz,domain,active,,kz-hosted,kz,self-registered / other,Social/Media,registered domain,no,https://manga-netflix10737.tinyblogging.com.xx3.kz,Phishing.Database,2026-09-27
mastmicrxxxxa-3418237.jcloud.kz,domain,active,,kz-hosted,kz,jcloud.kz,unknown,free subdomain platform,no,https://mastmicrxxxxa-3418237.jcloud.kz,Phishing.Database,2026-09-27
math.kz,domain,active,,kz-hosted,kz,self-registered / other,unknown,registered domain,no,http://math.kz/public/media/alc/account/card.php,Phishing.Database,2026-09-27
matrasonline.kz,domain,active,,kz-hosted,kz,self-registered / other,unknown,registered domain,no,https://matrasonline.kz,Phishing.Database,2026-09-27
maxioma.kz,domain,active,,kz-hosted,kz,self-registered / other,unknown,registered domain,no,http://maxioma.kz/anmeldung,Phishing.Database,2026-09-27
metamask.kz,domain,active,,kz-hosted,kz,self-registered / other,Crypto/NFT,registered domain,no,https://metamask.kz,Phishing.Database,2026-09-27
mindmeldhub.kz,domain,active,,kz-hosted,kz,self-registered / other,unknown,registered domain,no,https://mindmeldhub.kz,Phishing.Database,2026-09-27
miss-kazakhstan.store,domain,active,Generic KZ,brand-impersonation,store,self-registered / other,Generic KZ,registered domain,no,https://miss-kazakhstan.store,Phishing.Database,2026-09-27
molyabest.kz,domain,active,,kz-hosted,kz,self-registered / other,unknown,registered domain,no,https://molyabest.kz,Phishing.Database,2026-09-27
molyamoney.kz,domain,active,,kz-hosted,kz,self-registered / other,unknown,registered domain,no,https://molyamoney.kz,Phishing.Database,2026-09-27
mtiahq.mylp.kz,domain,active,,kz-hosted,kz,mylp.kz,unknown,free subdomain platform,no,,Phishing.Database,2026-09-27
nakonay-money.kz,domain,active,,kz-hosted,kz,self-registered / other,unknown,registered domain,no,,Phishing.Database,2026-09-27
nakonways.kz,domain,active,,kz-hosted,kz,self-registered / other,unknown,registered domain,no,,Phishing.Database,2026-09-27
nazym.kz,domain,active,,kz-hosted,kz,self-registered / other,unknown,registered domain,no,https://nazym.kz,Phishing.Database,2026-09-27
nazymhanym.kz,domain,inactive,,kz-hosted,kz,self-registered / other,unknown,registered domain,no,https://nazymhanym.kz,Phishing.Database,2026-09-27
nazymtabys.kz,domain,active,,kz-hosted,kz,self-registered / other,unknown,registered domain,no,https://nazymtabys.kz,Phishing.Database,2026-09-27
ndsj0d.mylp.kz,domain,active,,kz-hosted,kz,mylp.kz,unknown,free subdomain platform,no,http://ndsj0d.mylp.kz/?new=3d1626207693225,Phishing.Database,2026-09-27
nerekebot.kz,domain,active,,kz-hosted,kz,self-registered / other,unknown,registered domain,no,https://nerekebot.kz,Phishing.Database,2026-09-27
new.aks-shop.kz,domain,active,,kz-hosted,kz,self-registered / other,unknown,registered domain,no,http://new.aks-shop.kz/login/portalserver/signin,Phishing.Database,2026-09-27
nikanet.kz,domain,active,,kz-hosted,kz,self-registered / other,unknown,registered domain,no,,Phishing.Database,2026-09-27
nncrz-uslugi.kz,domain,active,,kz-hosted,kz,self-registered / other,unknown,compromised CMS site,no,https://nncrz-uslugi.kz/wp-content/plugins/lk/liinkedinhardest/900,Phishing.Database,2026-09-27
node45646-fatura-online-renner.jcloud.kz,domain,active,,kz-hosted,kz,jcloud.kz,Brazil banking/retail,free subdomain platform,no,https://node45646-fatura-online-renner.jcloud.kz,Phishing.Database,2026-09-27
nokbba.mylp.kz,domain,active,,kz-hosted,kz,mylp.kz,unknown,free subdomain platform,no,,Phishing.Database,2026-09-27
nurlab.kz,domain,active,,kz-hosted,kz,self-registered / other,US/EU banking,compromised CMS site,no,https://nurlab.kz/wp-content/dkb/clients/login.php?verification,Phishing.Database,2026-09-27
ofp.kz,domain,active,,kz-hosted,kz,self-registered / other,unknown,registered domain,no,,Phishing.Database,2026-09-27
olimppbt.kz,domain,active,,kz-hosted,kz,self-registered / other,unknown,registered domain,no,https://olimppbt.kz,Phishing.Database,2026-09-27
olxkz.pay-sacure4ds.ru,domain,active,OLX.kz,brand-impersonation,ru,self-registered / other,OLX.kz,registered domain,no,https://olxkz.pay-sacure4ds.ru,Phishing.Database,2026-09-27
opansea.com.kz,domain,active,,kz-hosted,com.kz,self-registered / other,Crypto/NFT,registered domain,no,https://opansea.com.kz,Phishing.Database,2026-09-27
opensea-io.com.kz,domain,active,,kz-hosted,com.kz,self-registered / other,Crypto/NFT,registered domain,no,https://opensea-io.com.kz,Phishing.Database,2026-09-27
opensea-io.kz,domain,active,,kz-hosted,kz,self-registered / other,Crypto/NFT,registered domain,no,https://opensea-io.kz,Phishing.Database,2026-09-27
opensea.com.kz,domain,active,,kz-hosted,com.kz,self-registered / other,Crypto/NFT,registered domain,no,https://opensea.com.kz,Phishing.Database,2026-09-27
opensea.org.kz,domain,active,,kz-hosted,org.kz,self-registered / other,Crypto/NFT,registered domain,no,https://opensea.org.kz,Phishing.Database,2026-09-27
openskills.kz,domain,active,,kz-hosted,kz,self-registered / other,unknown,registered domain,no,,Phishing.Database,2026-09-27
opersea-io.org.kz,domain,active,,kz-hosted,org.kz,self-registered / other,Crypto/NFT,registered domain,no,https://opersea-io.org.kz,Phishing.Database,2026-09-27
opersea.com.kz,domain,active,,kz-hosted,com.kz,self-registered / other,Crypto/NFT,registered domain,no,https://opersea.com.kz,Phishing.Database,2026-09-27
owa.kz,domain,active,,kz-hosted,kz,self-registered / other,Microsoft/Webmail,registered domain,no,,Phishing.Database,2026-09-27
partschina.kz,domain,active,,kz-hosted,kz,self-registered / other,unknown,registered domain,no,,Phishing.Database,2026-09-27
pdphab.mylp.kz,domain,active,,kz-hosted,kz,mylp.kz,unknown,free subdomain platform,no,,Phishing.Database,2026-09-27
phytomills.kz,domain,active,,kz-hosted,kz,self-registered / other,unknown,registered domain,no,http://phytomills.kz/-/3fb1e7cea51ad50b3285fa5c5339eef3/execution.html?redacted,Phishing.Database,2026-09-27
plants.kz,domain,active,,kz-hosted,kz,self-registered / other,unknown,registered domain,no,,Phishing.Database,2026-09-27
pop.bs-land.kz,domain,active,,kz-hosted,kz,self-registered / other,unknown,registered domain,no,https://pop.bs-land.kz,Phishing.Database,2026-09-27
post-kz.lol,domain,active,Kazpost,brand-impersonation,lol,self-registered / other,Kazpost,registered domain,no,https://post-kz.lol,Phishing.Database,2026-09-27
postsfb-0589860986.sakinat-taro.kz,domain,inactive,,kz-hosted,kz,self-registered / other,unknown,registered domain,no,https://postsfb-0589860986.sakinat-taro.kz/connect.html?timelimit=68c2f085aa73fa7a2bbc7f86ad2e66fd,Phishing.Database,2026-09-27
premier-optika.kz,domain,active,,kz-hosted,kz,self-registered / other,unknown,registered domain,no,,Phishing.Database,2026-09-27
pysykkelin.kz,domain,active,,kz-hosted,kz,self-registered / other,unknown,registered domain,no,https://pysykkelin.kz,Phishing.Database,2026-09-27
qaisarqaisar.kz,domain,active,,kz-hosted,kz,self-registered / other,unknown,registered domain,no,https://qaisarqaisar.kz,Phishing.Database,2026-09-27
qazalipbi.kz,domain,active,,kz-hosted,kz,self-registered / other,unknown,compromised CMS site,no,https://qazalipbi.kz/wp-includes/ixr/index-121-90.html,Phishing.Database,2026-09-27
qujat.kz,domain,active,,kz-hosted,kz,self-registered / other,unknown,registered domain,no,https://qujat.kz/cogdd.html,Phishing.Database,2026-09-27
r.oblox.com.kz,domain,active,,kz-hosted,com.kz,self-registered / other,Social/Media,registered domain,no,,Phishing.Database,2026-09-27
realizesolucoesfinanceiras.com.kz,domain,active,,kz-hosted,com.kz,self-registered / other,unknown,registered domain,no,,Phishing.Database,2026-09-27
retificademotores-9865352.jcloud.kz,domain,active,,kz-hosted,kz,jcloud.kz,unknown,free subdomain platform,no,https://retificademotores-9865352.jcloud.kz,Phishing.Database,2026-09-27
rm699.mylp.kz,domain,active,,kz-hosted,kz,mylp.kz,unknown,free subdomain platform,no,,Phishing.Database,2026-09-27
roblox.com.kz,domain,active,,kz-hosted,com.kz,self-registered / other,Social/Media,registered domain,no,http://roblox.com.kz/users/830886599/profileprivateserverlinkcode=6411303568573140629023122,Phishing.Database,2026-09-27
roninsushi.kz,domain,active,,kz-hosted,kz,self-registered / other,unknown,compromised CMS site,no,https://roninsushi.kz/wp-admin/js/nb12538z/index.php?uid=3mail@b.c,Phishing.Database,2026-09-27
sad3.ayagoz-roo.kz,domain,active,,kz-hosted,kz,self-registered / other,unknown,registered domain,no,,Phishing.Database,2026-09-27
saryagashbronoffice.kz,domain,active,,kz-hosted,kz,self-registered / other,Microsoft/Webmail,registered domain,no,https://saryagashbronoffice.kz/tdbank/clients/login.php,Phishing.Database,2026-09-27
sct.kz,domain,active,,kz-hosted,kz,self-registered / other,US/EU banking,registered domain,no,https://sct.kz/hr/otp/otbbank-v5,Phishing.Database,2026-09-27
search.fe.kz,domain,active,,kz-hosted,kz,self-registered / other,Logistics,registered domain,no,https://search.fe.kz/diepost.php,Phishing.Database,2026-09-27
semeyainasy.kz,domain,active,,kz-hosted,kz,self-registered / other,unknown,compromised CMS site,no,https://semeyainasy.kz/wp-content/banners/anuayomi,Phishing.Database,2026-09-27
sistema-erro480254-conta.jcloud.kz,domain,active,,kz-hosted,kz,jcloud.kz,unknown,free subdomain platform,no,https://sistema-erro480254-conta.jcloud.kz,Phishing.Database,2026-09-27
skazki-olga-bogacheva.kz,domain,active,,kz-hosted,kz,self-registered / other,unknown,registered domain,no,,Phishing.Database,2026-09-27
soporteapple.com.kz,domain,active,,kz-hosted,com.kz,self-registered / other,Apple/iCloud,registered domain,no,https://soporteapple.com.kz/m/sing/ia3zj,Phishing.Database,2026-09-27
spotifyapp.atekps.kz,domain,active,,kz-hosted,kz,self-registered / other,Social/Media,registered domain,no,https://spotifyapp.atekps.kz/svg,Phishing.Database,2026-09-27
stormprof.kz,domain,active,,kz-hosted,kz,self-registered / other,Logistics,registered domain,no,https://stormprof.kz/postaajvdjevch/iuzfgtcuf/hjqsdshgzkefbj/adovisszaterites.php,Phishing.Database,2026-09-27
sula.kz,domain,active,,kz-hosted,kz,self-registered / other,unknown,registered domain,no,https://sula.kz,Phishing.Database,2026-09-27
suport-mail-conta-n475841.jcloud.kz,domain,active,,kz-hosted,kz,jcloud.kz,unknown,free subdomain platform,no,https://suport-mail-conta-n475841.jcloud.kz,Phishing.Database,2026-09-27
supportapple.com.kz,domain,active,,kz-hosted,com.kz,self-registered / other,Apple/iCloud,registered domain,no,https://supportapple.com.kz/la/rnkjj,Phishing.Database,2026-09-27
t64i7.mylp.kz,domain,active,,kz-hosted,kz,mylp.kz,unknown,free subdomain platform,no,http://t64i7.mylp.kz/?new=1626143183098,Phishing.Database,2026-09-27
tanauto.kz,domain,active,,kz-hosted,kz,self-registered / other,unknown,registered domain,no,http://tanauto.kz/?url=https://stt-wiworotomo.ac.id/auth/now/oncor(6)///3mail@b.c,Phishing.Database,2026-09-27
tntm2o.mylp.kz,domain,active,,kz-hosted,kz,mylp.kz,unknown,free subdomain platform,no,http://tntm2o.mylp.kz,Phishing.Database,2026-09-27
to1am.mylp.kz,domain,inactive,,kz-hosted,kz,mylp.kz,unknown,free subdomain platform,no,http://to1am.mylp.kz/?new=1626225307163,Phishing.Database,2026-09-27
tours.kassir.kz,domain,active,,kz-hosted,kz,self-registered / other,unknown,registered domain,no,http://tours.kassir.kz/emirate/grlg.php?email=[redacted-email],Phishing.Database,2026-09-27
tp.ukgu.kz,domain,active,,kz-hosted,kz,self-registered / other,unknown,compromised CMS site,no,http://tp.ukgu.kz/sites/default/files/udo/akunuba/amencn-1/index.php?email=[redacted-email],Phishing.Database,2026-09-27
trade-company.kz,domain,active,,kz-hosted,kz,self-registered / other,unknown,registered domain,no,https://trade-company.kz/it.html?0768,Phishing.Database,2026-09-27
ts55ry.mylp.kz,domain,active,,kz-hosted,kz,mylp.kz,unknown,free subdomain platform,no,http://ts55ry.mylp.kz/?new=1626225114327,Phishing.Database,2026-09-27
tsp.kz,domain,active,,kz-hosted,kz,self-registered / other,unknown,registered domain,no,,Phishing.Database,2026-09-27
unbounce-93467443.jcloud.kz,domain,active,,kz-hosted,kz,jcloud.kz,unknown,free subdomain platform,no,http://unbounce-93467443.jcloud.kz/?190151,Phishing.Database,2026-09-27
uniswap.com.kz,domain,active,,kz-hosted,com.kz,self-registered / other,Crypto/NFT,registered domain,no,https://uniswap.com.kz,Phishing.Database,2026-09-27
usps.postkz.us,domain,active,Kazpost,brand-impersonation,us,self-registered / other,Kazpost,registered domain,no,https://usps.postkz.us,Phishing.Database,2026-09-27
uzbekkrut.kz,domain,active,,kz-hosted,kz,self-registered / other,unknown,registered domain,no,http://uzbekkrut.kz,Phishing.Database,2026-09-27
versh.kupi-business.kz,domain,inactive,,kz-hosted,kz,self-registered / other,Logistics,registered domain,no,https://versh.kupi-business.kz/.anjelo/pp/dhl_topscript/source/?email=,Phishing.Database,2026-09-27
www.aktoreas.kz,domain,active,,kz-hosted,kz,self-registered / other,unknown,registered domain,no,http://www.aktoreas.kz,Phishing.Database,2026-09-27
www.almirak.kz,domain,inactive,,kz-hosted,kz,self-registered / other,unknown,registered domain,no,https://www.almirak.kz,Phishing.Database,2026-09-27
www.almirakelinka.kz,domain,active,,kz-hosted,kz,self-registered / other,unknown,registered domain,no,https://www.almirakelinka.kz,Phishing.Database,2026-09-27
www.almirochka.kz,domain,inactive,,kz-hosted,kz,self-registered / other,unknown,registered domain,no,https://www.almirochka.kz,Phishing.Database,2026-09-27
www.idapple.com.kz,domain,active,,kz-hosted,com.kz,self-registered / other,Apple/iCloud,registered domain,no,https://www.idapple.com.kz/m/rrbjj,Phishing.Database,2026-09-27
www.kazniisa.kz,domain,inactive,,kz-hosted,kz,self-registered / other,unknown,registered domain,no,http://www.kazniisa.kz/language/en,Phishing.Database,2026-09-27
www.kazpost.kz,domain,active,Kazpost,brand-impersonation,kz,self-registered / other,Kazpost,registered domain,yes,https://www.kazpost.kz/kk,Phishing.Database,2026-09-27
www.kemenger.kz,domain,active,,kz-hosted,kz,self-registered / other,unknown,registered domain,no,https://www.kemenger.kz/simplepie/components/wednesday/september/95a02e0c55b743e25d24a8d13619dc8e/login.php?sslchannel=true&sessionid=fqmymbwvfk7ogimgga0feaf0jjpvpdecgvs5ihwllcju66lietx8vgt4wb9kjlww6hbas4wymsxxpebn1ozbeq5oja3wlcnbcgwfvop4rapp6s9esiszexenurdwuzxqvz,Phishing.Database,2026-09-27
www.miaccount.com.kz,domain,active,,kz-hosted,com.kz,self-registered / other,Apple/iCloud,registered domain,no,https://www.miaccount.com.kz/m/sing/a36dj,Phishing.Database,2026-09-27
www.molyamoney.kz,domain,active,,kz-hosted,kz,self-registered / other,unknown,registered domain,no,http://www.molyamoney.kz,Phishing.Database,2026-09-27
www.opensea-io.kz,domain,inactive,,kz-hosted,kz,self-registered / other,Crypto/NFT,registered domain,no,https://www.opensea-io.kz,Phishing.Database,2026-09-27
www.opensea-io.org.kz,domain,active,,kz-hosted,org.kz,self-registered / other,Crypto/NFT,registered domain,no,https://www.opensea-io.org.kz,Phishing.Database,2026-09-27
www.qube.kz,domain,active,,kz-hosted,kz,self-registered / other,Microsoft/Webmail,registered domain,no,https://www.qube.kz/assets/webmail-rd127,Phishing.Database,2026-09-27
www.roblox.com.kz,domain,active,,kz-hosted,com.kz,self-registered / other,Social/Media,registered domain,no,https://www.roblox.com.kz/users/1212787/profile,Phishing.Database,2026-09-27
www.styling.kz,domain,active,,kz-hosted,kz,self-registered / other,unknown,registered domain,no,https://www.styling.kz/dikgqecqbv/a../deactivation/source/?email=[redacted-email],Phishing.Database,2026-09-27
zhurek.kz,domain,active,,kz-hosted,kz,self-registered / other,unknown,registered domain,no,https://zhurek.kz/images/han,Phishing.Database,2026-09-27
zlihaorig.kz,domain,active,,kz-hosted,kz,self-registered / other,unknown,registered domain,no,http://zlihaorig.kz,Phishing.Database,2026-09-27
zond.kz,domain,active,,kz-hosted,kz,self-registered / other,unknown,compromised CMS site,no,https://zond.kz/wordpress/wp-content/tye/login,Phishing.Database,2026-09-27
zont-online.kz,domain,active,,kz-hosted,kz,self-registered / other,unknown,compromised CMS site,no,https://zont-online.kz/wp-content/languages/plugins/usafever.antworten.283387842102viewitemitem.283387842102.nfrage.ansehenocsnext.deocscusrquery.2882.domain.mail1073.html,Phishing.Database,2026-09-27
zzzxm.mylp.kz,domain,active,,kz-hosted,kz,mylp.kz,unknown,free subdomain platform,no,http://zzzxm.mylp.kz/?new=1626225230407,Phishing.Database,2026-09-27
