indicator,misp_type,category,brand,impersonated,parent_domain,tld,platform,hosting_pattern,status,cluster,kit_signature,vt_malicious,shodan_org,confidence,url,first_seen,source
3d.fmlkost.kz,domain,kz-hosted,,unknown,fmlkost.kz,kz,self-registered / other,registered domain,active,,,,,low,,2026-09-27,Phishing.Database
3s9yw.mylp.kz,domain,kz-hosted,,unknown,mylp.kz,kz,mylp.kz,free subdomain platform,active,P-mylp.kz,,,,low,,2026-09-27,Phishing.Database
5-6451047.jcloud.kz,domain,kz-hosted,,unknown,jcloud.kz,kz,jcloud.kz,free subdomain platform,active,P-jcloud.kz,,,,low,,2026-09-27,Phishing.Database
64e5p4.mylp.kz,domain,kz-hosted,,unknown,mylp.kz,kz,mylp.kz,free subdomain platform,active,P-mylp.kz,,,,low,,2026-09-27,Phishing.Database
a.mycloud.kz,domain,kz-hosted,,unknown,mycloud.kz,kz,self-registered / other,registered domain,active,,,,,low,,2026-09-27,Phishing.Database
access-bomcripto-com.jcloud.kz,domain,kz-hosted,,unknown,jcloud.kz,kz,jcloud.kz,free subdomain platform,active,P-jcloud.kz,,,,low,,2026-09-27,Phishing.Database
act-fire.kz,domain,kz-hosted,,unknown,act-fire.kz,kz,self-registered / other,registered domain,active,,,,,low,,2026-09-27,Phishing.Database
aidanochka-tabys.kz,domain,kz-hosted,,unknown,aidanochka-tabys.kz,kz,self-registered / other,registered domain,active,,,,,low,,2026-09-27,Phishing.Database
aipm.kz,domain,kz-hosted,,unknown,aipm.kz,kz,self-registered / other,registered domain,active,,,,,low,,2026-09-27,Phishing.Database
akar.com.kz,domain,kz-hosted,,unknown,akar.com.kz,com.kz,self-registered / other,registered domain,active,,,,,low,,2026-09-27,Phishing.Database
akbotago.kz,domain,kz-hosted,,unknown,akbotago.kz,kz,self-registered / other,registered domain,active,,,,,low,,2026-09-27,Phishing.Database
akbotalive.kz,domain,kz-hosted,,unknown,akbotalive.kz,kz,self-registered / other,registered domain,active,,,,,low,,2026-09-27,Phishing.Database
akjelkentur.kz,domain,kz-hosted,,unknown,akjelkentur.kz,kz,self-registered / other,registered domain,active,,,,,low,,2026-09-27,Phishing.Database
akketik.kz,domain,kz-hosted,,unknown,akketik.kz,kz,self-registered / other,registered domain,active,,,,,low,,2026-09-27,Phishing.Database
aktoreas.kz,domain,kz-hosted,,unknown,aktoreas.kz,kz,self-registered / other,registered domain,active,,,,,low,http://www.aktoreas.kz,2026-09-27,Phishing.Database
alamservice.kz,domain,kz-hosted,,unknown,alamservice.kz,kz,self-registered / other,registered domain,active,,,,,low,,2026-09-27,Phishing.Database
allergoclinic.kz,domain,kz-hosted,,unknown,allergoclinic.kz,kz,self-registered / other,compromised CMS site,active,,/templates/beez_20/fonts/titilliummaps202.php,,,low,http://allergoclinic.kz/templates/beez_20/fonts/titilliummaps202.php,2026-09-27,Phishing.Database
almaira.kz,domain,kz-hosted,,unknown,almaira.kz,kz,self-registered / other,registered domain,active,,,,,low,,2026-09-27,Phishing.Database
almatypilot.kz,domain,kz-hosted,,Logistics,almatypilot.kz,kz,self-registered / other,compromised CMS site,active,,/wp-admin/set/docusign/docusign,,,low,https://almatypilot.kz/wp-admin/set/docusign/docusign/u.php?l=dhl-dtracking_%3D_jehfuq_vjoxk0qwhtogydw%3D_jehfuq_vjoxk0qwhtogydw%3D_jehfuq_vjoxk0qwhto%3D,2026-09-27,Phishing.Database
almirak.kz,domain,kz-hosted,,unknown,almirak.kz,kz,self-registered / other,registered domain,active,,,,,low,https://www.almirak.kz,2026-09-27,Phishing.Database
almirakelinn.kz,domain,kz-hosted,,unknown,almirakelinn.kz,kz,self-registered / other,registered domain,active,,,,,low,,2026-09-27,Phishing.Database
almiramoney.kz,domain,kz-hosted,,unknown,almiramoney.kz,kz,self-registered / other,registered domain,active,,,,,low,,2026-09-27,Phishing.Database
almiras.kz,domain,kz-hosted,,unknown,almiras.kz,kz,self-registered / other,registered domain,active,,,,,low,,2026-09-27,Phishing.Database
almirochka.kz,domain,kz-hosted,,unknown,almirochka.kz,kz,self-registered / other,registered domain,active,,,,,low,https://www.almirochka.kz,2026-09-27,Phishing.Database
antena-uk.kz,domain,kz-hosted,,unknown,antena-uk.kz,kz,self-registered / other,registered domain,active,,,,,low,,2026-09-27,Phishing.Database
anuarw.kz,domain,kz-hosted,,unknown,anuarw.kz,kz,self-registered / other,registered domain,active,,,,,low,,2026-09-27,Phishing.Database
app-nubanksptbr-2021br.jcloud.kz,domain,kz-hosted,,Brazil banking/retail,jcloud.kz,kz,jcloud.kz,free subdomain platform,active,P-jcloud.kz,,,,low,,2026-09-27,Phishing.Database
appleid.com.kz,domain,kz-hosted,,Apple/iCloud,appleid.com.kz,com.kz,self-registered / other,registered domain,active,C01-kit,/m/sing/*,,,medium,https://appleid.com.kz/m/sing/ia3zj,2026-09-27,Phishing.Database
appleoficial.com.kz,domain,kz-hosted,,Apple/iCloud,appleoficial.com.kz,com.kz,self-registered / other,registered domain,active,C01-kit,/m/sing/*,,,medium,https://appleoficial.com.kz/m/sing/ia3zj,2026-09-27,Phishing.Database
applesoporte.com.kz,domain,kz-hosted,,Apple/iCloud,applesoporte.com.kz,com.kz,self-registered / other,registered domain,active,C02-kit,/la/*,,,medium,https://applesoporte.com.kz/la/omj4p,2026-09-27,Phishing.Database
application-revalidacaonubr-2021.jcloud.kz,domain,kz-hosted,,unknown,jcloud.kz,kz,jcloud.kz,free subdomain platform,active,P-jcloud.kz,,,,low,,2026-09-27,Phishing.Database
argenaruzhan.kz,domain,kz-hosted,,unknown,argenaruzhan.kz,kz,self-registered / other,registered domain,active,,,,,low,,2026-09-27,Phishing.Database
armelincontabilidade-0038853.jcloud.kz,domain,kz-hosted,,Brazil banking/retail,jcloud.kz,kz,jcloud.kz,free subdomain platform,active,C03-kit,/acessomob/loginautentica.php,,,medium,https://armelincontabilidade-0038853.jcloud.kz/acessomob/loginautentica.php?logar=06%2C20%2C000000%2C31%2Csun%2C+20+mar+2022+06%3A46%3A17++0000%2C22%2C06%2C46%2C17%2C3%2C6.out,2026-09-27,Phishing.Database
aruzhanochka.kz,domain,kz-hosted,,unknown,aruzhanochka.kz,kz,self-registered / other,registered domain,active,,,,,low,,2026-09-27,Phishing.Database
astra.com.kz,domain,kz-hosted,,unknown,astra.com.kz,com.kz,self-registered / other,registered domain,active,,,,,low,,2026-09-27,Phishing.Database
avtouragan.kz,domain,kz-hosted,,unknown,avtouragan.kz,kz,self-registered / other,registered domain,active,,,,,low,,2026-09-27,Phishing.Database
bekahelp.kz,domain,kz-hosted,,unknown,bekahelp.kz,kz,self-registered / other,registered domain,active,,,,,low,,2026-09-27,Phishing.Database
bekawin.kz,domain,kz-hosted,,unknown,bekawin.kz,kz,self-registered / other,registered domain,active,,,,,low,,2026-09-27,Phishing.Database
berik-crypt.kz,domain,kz-hosted,,Crypto/NFT,berik-crypt.kz,kz,self-registered / other,registered domain,active,,,,,low,,2026-09-27,Phishing.Database
bitex.kz,domain,kz-hosted,,Crypto/NFT,bitex.kz,kz,self-registered / other,registered domain,active,,,,,low,,2026-09-27,Phishing.Database
brifing.kz,domain,kz-hosted,,unknown,brifing.kz,kz,self-registered / other,compromised CMS site,active,,/wp-content/themes/twentytwentyfour/patterns,,,low,http://brifing.kz/wp-content/themes/twentytwentyfour/patterns/carrefour-ocvozrwbm5ookdupk4zo6ambanque-creditepargne-et-assurance.fr/connexion.php,2026-09-27,Phishing.Database
celinnaya.kz,domain,kz-hosted,,unknown,celinnaya.kz,kz,self-registered / other,compromised CMS site,active,C04-kit,/wp-includes/sodium_compat/src/core,,,medium,http://celinnaya.kz/wp-includes/sodium_compat/src/core/vpc2vuaw9/v4/cmd-login=1d55f2cd7b3eccc3fca3064aa1b83a55/d6zlveqxpvrjfzihrq5vo4ci.php?rand=13inboxlightaspxn.1774256418&fid.4.1252899642=&fid=1&fav.1=&rand.13inboxlight.aspxn.1774256418=&fid.1252899642=&fid.1=&fav.1=&email=616e56736157557563476c6a613246795a45426a6448517559323974&loginpage=&.rand=13inboxlight.aspx%3Fn%3D1774256418&fid=4,2026-09-27,Phishing.Database
cliente-home.jcloud.kz,domain,kz-hosted,,unknown,jcloud.kz,kz,jcloud.kz,free subdomain platform,active,P-jcloud.kz,,,,low,,2026-09-27,Phishing.Database
colombinicasa.kz,domain,kz-hosted,,unknown,colombinicasa.kz,kz,self-registered / other,registered domain,active,,/sitemaps/cms/service/help,,,low,http://colombinicasa.kz/sitemaps/cms/service/help,2026-09-27,Phishing.Database
comercialwaveshoop-02735.jcloud.kz,domain,kz-hosted,,unknown,jcloud.kz,kz,jcloud.kz,free subdomain platform,active,P-jcloud.kz,,,,low,,2026-09-27,Phishing.Database
comercio-inbox-tmj-ltda.jcloud.kz,domain,kz-hosted,,Brazil banking/retail,jcloud.kz,kz,jcloud.kz,free subdomain platform,active,P-jcloud.kz,,,,low,https://comercio-inbox-tmj-ltda.jcloud.kz/?%40%40%40%40197478=,2026-09-27,Phishing.Database
comercioeletronicojomser202201.jcloud.kz,domain,kz-hosted,,Brazil banking/retail,jcloud.kz,kz,jcloud.kz,free subdomain platform,active,P-jcloud.kz,,,,low,https://comercioeletronicojomser202201.jcloud.kz,2026-09-27,Phishing.Database
comfortperevozki.kz,domain,kz-hosted,,Microsoft/Webmail,comfortperevozki.kz,kz,self-registered / other,registered domain,active,,/css/d/imiaru.csv/account.mail.ru,,,low,https://comfortperevozki.kz/css/d/imiaru.csv/account.mail.ru/index.php?userid=%5Bredacted-email%5D,2026-09-27,Phishing.Database
cupidonn.kz,domain,kz-hosted,,unknown,cupidonn.kz,kz,self-registered / other,registered domain,active,,,,,low,https://cupidonn.kz,2026-09-27,Phishing.Database
cupidonot.kz,domain,kz-hosted,,unknown,cupidonot.kz,kz,self-registered / other,registered domain,active,,,,,low,https://cupidonot.kz,2026-09-27,Phishing.Database
dev-shop.kz,domain,kz-hosted,,unknown,dev-shop.kz,kz,self-registered / other,registered domain,active,,,,,low,,2026-09-27,Phishing.Database
dk.domholding.kz,domain,kz-hosted,,unknown,domholding.kz,kz,self-registered / other,registered domain,active,,,,,low,,2026-09-27,Phishing.Database
dorzapchast.kz,domain,kz-hosted,,unknown,dorzapchast.kz,kz,self-registered / other,registered domain,active,,,,,low,,2026-09-27,Phishing.Database
ducat.kz,domain,kz-hosted,,unknown,ducat.kz,kz,self-registered / other,registered domain,active,,,,,low,,2026-09-27,Phishing.Database
dvigy7.mylp.kz,domain,kz-hosted,,unknown,mylp.kz,kz,mylp.kz,free subdomain platform,active,P-mylp.kz,,,,low,,2026-09-27,Phishing.Database
eb2r5q.mylp.kz,domain,kz-hosted,,unknown,mylp.kz,kz,mylp.kz,free subdomain platform,active,P-mylp.kz,,,,low,,2026-09-27,Phishing.Database
ecocashback.kz,domain,kz-hosted,,unknown,ecocashback.kz,kz,self-registered / other,registered domain,active,,/s/loaded,,,low,https://ecocashback.kz/s/loaded,2026-09-27,Phishing.Database
elvin-trade.kz,domain,kz-hosted,,unknown,elvin-trade.kz,kz,self-registered / other,registered domain,active,,,,,low,,2026-09-27,Phishing.Database
entre-conta.jcloud.kz,domain,kz-hosted,,Brazil banking/retail,jcloud.kz,kz,jcloud.kz,free subdomain platform,active,P-jcloud.kz,,,,low,https://entre-conta.jcloud.kz/banesee,2026-09-27,Phishing.Database
env-verifica-valida--0001648.jcloud.kz,domain,kz-hosted,,unknown,jcloud.kz,kz,jcloud.kz,free subdomain platform,active,P-jcloud.kz,,,,low,,2026-09-27,Phishing.Database
envsuport-cliente-n84.jcloud.kz,domain,kz-hosted,,unknown,jcloud.kz,kz,jcloud.kz,free subdomain platform,active,P-jcloud.kz,,,,low,,2026-09-27,Phishing.Database
facebook.meweb.kz,domain,kz-hosted,,Social/Media,meweb.kz,kz,self-registered / other,registered domain,active,,,,,low,,2026-09-27,Phishing.Database
fenixtuboscobrancas-0934655442amsprmn.jcloud.kz,domain,kz-hosted,,unknown,jcloud.kz,kz,jcloud.kz,free subdomain platform,active,P-jcloud.kz,,,,low,https://fenixtuboscobrancas-0934655442amsprmn.jcloud.kz,2026-09-27,Phishing.Database
firstworkingpage.kz,domain,kz-hosted,,unknown,firstworkingpage.kz,kz,self-registered / other,registered domain,active,,,,,low,https://firstworkingpage.kz,2026-09-27,Phishing.Database
freshnews.kz,domain,kz-hosted,,unknown,freshnews.kz,kz,self-registered / other,registered domain,active,,,,,low,,2026-09-27,Phishing.Database
givememoney.kz,domain,kz-hosted,,unknown,givememoney.kz,kz,self-registered / other,registered domain,active,,,,,low,,2026-09-27,Phishing.Database
globa.kz,domain,kz-hosted,,unknown,globa.kz,kz,self-registered / other,compromised CMS site,active,,/wp-admin/b/aspx.php,,,low,https://globa.kz/wp-admin/b/aspx.php,2026-09-27,Phishing.Database
halykbankres.xyz,domain,brand-impersonation,Halyk,Halyk,halykbankres.xyz,xyz,self-registered / other,registered domain,active,,,,,medium,https://halykbankres.xyz/zFDV9sBK,2026-09-27,Phishing.Database
hipercardconsultafatura.jcloud.kz,domain,kz-hosted,,Brazil banking/retail,jcloud.kz,kz,jcloud.kz,free subdomain platform,active,P-jcloud.kz,,,,low,https://hipercardconsultafatura.jcloud.kz,2026-09-27,Phishing.Database
homecreditt.kz,domain,kz-hosted,,unknown,homecreditt.kz,kz,self-registered / other,registered domain,active,,,,,low,https://homecreditt.kz,2026-09-27,Phishing.Database
hordelo.kz,domain,kz-hosted,,unknown,hordelo.kz,kz,self-registered / other,registered domain,active,,,,,low,,2026-09-27,Phishing.Database
htuqi.mylp.kz,domain,kz-hosted,,unknown,mylp.kz,kz,mylp.kz,free subdomain platform,active,P-mylp.kz,,,,low,,2026-09-27,Phishing.Database
icloud.com.kz,domain,kz-hosted,,Apple/iCloud,icloud.com.kz,com.kz,self-registered / other,registered domain,active,C05-kit,/m/*,,,medium,https://icloud.com.kz/m/jzuhr,2026-09-27,Phishing.Database
idapple.com.kz,domain,kz-hosted,,Apple/iCloud,idapple.com.kz,com.kz,self-registered / other,registered domain,active,C01-kit,/m/sing/*,,,medium,http://idapple.com.kz/m/sing/ia3zj,2026-09-27,Phishing.Database
infoirc.kz,domain,kz-hosted,,unknown,infoirc.kz,kz,self-registered / other,registered domain,active,,,,,low,,2026-09-27,Phishing.Database
instargam.kz,domain,kz-hosted,,unknown,instargam.kz,kz,self-registered / other,registered domain,active,,,,,low,,2026-09-27,Phishing.Database
ismailbota.kz,domain,kz-hosted,,unknown,ismailbota.kz,kz,self-registered / other,registered domain,active,,,,,low,,2026-09-27,Phishing.Database
isupport.com.kz,domain,kz-hosted,,Apple/iCloud,isupport.com.kz,com.kz,self-registered / other,registered domain,active,C05-kit,/m/*,,,medium,https://isupport.com.kz/m/fw9yj,2026-09-27,Phishing.Database
jenil-tabys.kz,domain,kz-hosted,,unknown,jenil-tabys.kz,kz,self-registered / other,registered domain,active,,,,,low,https://jenil-tabys.kz,2026-09-27,Phishing.Database
jetigen.kz,domain,kz-hosted,,unknown,jetigen.kz,kz,self-registered / other,registered domain,active,,,,,low,,2026-09-27,Phishing.Database
joint.kz,domain,kz-hosted,,US/EU banking,joint.kz,kz,self-registered / other,compromised CMS site,active,C04-kit,/wp-includes/sodium_compat/src/core,,,medium,http://joint.kz/wp-includes/sodium_compat/src/core/chacha20/chase/home/myaccount,2026-09-27,Phishing.Database
karkar.maxioma.kz,domain,kz-hosted,,unknown,maxioma.kz,kz,self-registered / other,registered domain,inactive,,/login/loginfirst.php,,,low,https://karkar.maxioma.kz/login/loginfirst.php,2026-09-27,Phishing.Database
kaspibank.auth-telegramm.ru,domain,brand-impersonation,Kaspi,Kaspi,auth-telegramm.ru,ru,self-registered / other,registered domain,active,,,,,medium,,2026-09-27,Phishing.Database
kaspiy-delfin.tarho05.ru,domain,brand-impersonation,Kaspi,Kaspi,tarho05.ru,ru,self-registered / other,registered domain,active,,/info/myaccount/signin,,,medium,http://kaspiy-delfin.tarho05.ru/info/myaccount/signin/?country.x=us&locale.x=en_us,2026-09-27,Phishing.Database
katradis.kz,domain,kz-hosted,,unknown,katradis.kz,kz,self-registered / other,registered domain,active,,,,,low,https://katradis.kz,2026-09-27,Phishing.Database
kazcomp.kz,domain,kz-hosted,,unknown,kazcomp.kz,kz,self-registered / other,registered domain,active,,,,,low,https://kazcomp.kz/mandt,2026-09-27,Phishing.Database
kazkurort.kz,domain,kz-hosted,,Social/Media,kazkurort.kz,kz,self-registered / other,compromised CMS site,active,,/bitrix/admin/cr/bhalinkedin,,,low,https://kazkurort.kz/bitrix/admin/cr/bhalinkedin/index.html,2026-09-27,Phishing.Database
kekk.kz,domain,kz-hosted,,US/EU banking,kekk.kz,kz,self-registered / other,compromised CMS site,active,,/wp-includes/css/navy.federal.confirm.deposit.html,,,low,https://kekk.kz/wp-includes/css/navy.federal.confirm.deposit.html,2026-09-27,Phishing.Database
kgvu2i.mylp.kz,domain,kz-hosted,,unknown,mylp.kz,kz,mylp.kz,free subdomain platform,active,P-mylp.kz,,,,low,,2026-09-27,Phishing.Database
kztorgteh.kz,domain,kz-hosted,,unknown,kztorgteh.kz,kz,self-registered / other,registered domain,active,,,,,low,,2026-09-27,Phishing.Database
labsmolin.kz,domain,kz-hosted,,unknown,labsmolin.kz,kz,self-registered / other,registered domain,active,,,,,low,,2026-09-27,Phishing.Database
laminat-almaty.kz,domain,kz-hosted,,unknown,laminat-almaty.kz,kz,self-registered / other,registered domain,active,,,,,low,,2026-09-27,Phishing.Database
linzochki.kz,domain,kz-hosted,,unknown,linzochki.kz,kz,self-registered / other,registered domain,active,,,,,low,,2026-09-27,Phishing.Database
live-mail-microsoft.jcloud.kz,domain,kz-hosted,,Microsoft/Webmail,jcloud.kz,kz,jcloud.kz,free subdomain platform,active,C03-kit,/acessomob/loginautentica.php,,,medium,https://live-mail-microsoft.jcloud.kz/acessomob/loginautentica.php?logar=05%2C4%2C000000%2C30%2Ctue%2C+04+jun+2024+17%3A01%3A50++0000%2C24%2C17%2C01%2C50%2C6%2C5.out,2026-09-27,Phishing.Database
loginlivemailoffice365brcombr-newviws342324.jcloud.kz,domain,kz-hosted,,Microsoft/Webmail,jcloud.kz,kz,jcloud.kz,free subdomain platform,active,C06-kit,/acessodes/login/logininicial.php,,,medium,https://loginlivemailoffice365brcombr-newviws342324.jcloud.kz/acessodes/login/logininicial.php?logar=08%2C9%2C000000%2C31%2Csat%2C+09+oct+2021+20%3A36%3A11++0000%2C21%2C20%2C36%2C11%2C10%2C8.out,2026-09-27,Phishing.Database
lombard-capital.kz,domain,kz-hosted,,unknown,lombard-capital.kz,kz,self-registered / other,compromised CMS site,active,,/modules/mod_simplefileuploadv1.3/elements/*,,,low,https://lombard-capital.kz/modules/mod_simplefileuploadv1.3/elements/zsyhufj/murder,2026-09-27,Phishing.Database
loridamin.kashlyanet.kz,domain,kz-hosted,,unknown,kashlyanet.kz,kz,self-registered / other,registered domain,active,,/*/*,,,low,https://loridamin.kashlyanet.kz/489732/8976512,2026-09-27,Phishing.Database
ltda-inbox-out.jcloud.kz,domain,kz-hosted,,Brazil banking/retail,jcloud.kz,kz,jcloud.kz,free subdomain platform,active,P-jcloud.kz,,,,low,https://ltda-inbox-out.jcloud.kz,2026-09-27,Phishing.Database
madstsvvdfocxxxm-6079492.jcloud.kz,domain,kz-hosted,,unknown,jcloud.kz,kz,jcloud.kz,free subdomain platform,active,P-jcloud.kz,,,,low,https://madstsvvdfocxxxm-6079492.jcloud.kz,2026-09-27,Phishing.Database
mail-contasistema-suport.jcloud.kz,domain,kz-hosted,,Brazil banking/retail,jcloud.kz,kz,jcloud.kz,free subdomain platform,active,C06-kit,/acessodes/login/logininicial.php,,,medium,https://mail-contasistema-suport.jcloud.kz/acessodes/login/logininicial.php?logar=02,2026-09-27,Phishing.Database
mail.akketik.kz,domain,kz-hosted,,unknown,akketik.kz,kz,self-registered / other,registered domain,active,,,,,low,,2026-09-27,Phishing.Database
mail.statsport.kz,domain,kz-hosted,,unknown,statsport.kz,kz,self-registered / other,registered domain,active,,,,,low,,2026-09-27,Phishing.Database
mail.stom-mangystau.kz,domain,kz-hosted,,unknown,stom-mangystau.kz,kz,self-registered / other,registered domain,active,,,,,low,,2026-09-27,Phishing.Database
manga-netflix10737.tinyblogging.com.xx3.kz,domain,kz-hosted,,Social/Media,xx3.kz,kz,self-registered / other,registered domain,active,,,,,low,https://manga-netflix10737.tinyblogging.com.xx3.kz,2026-09-27,Phishing.Database
mastmicrxxxxa-3418237.jcloud.kz,domain,kz-hosted,,unknown,jcloud.kz,kz,jcloud.kz,free subdomain platform,active,P-jcloud.kz,,,,low,https://mastmicrxxxxa-3418237.jcloud.kz,2026-09-27,Phishing.Database
math.kz,domain,kz-hosted,,unknown,math.kz,kz,self-registered / other,registered domain,active,,/public/media/alc/account,,,low,http://math.kz/public/media/alc/account/card.php,2026-09-27,Phishing.Database
matrasonline.kz,domain,kz-hosted,,unknown,matrasonline.kz,kz,self-registered / other,registered domain,active,,,,,low,https://matrasonline.kz,2026-09-27,Phishing.Database
maxioma.kz,domain,kz-hosted,,unknown,maxioma.kz,kz,self-registered / other,registered domain,active,,,,,low,http://maxioma.kz/anmeldung,2026-09-27,Phishing.Database
metamask.kz,domain,kz-hosted,,Crypto/NFT,metamask.kz,kz,self-registered / other,registered domain,active,,,,,low,https://metamask.kz,2026-09-27,Phishing.Database
mindmeldhub.kz,domain,kz-hosted,,unknown,mindmeldhub.kz,kz,self-registered / other,registered domain,active,,,,,low,https://mindmeldhub.kz,2026-09-27,Phishing.Database
miss-kazakhstan.store,domain,brand-impersonation,Generic KZ,Generic KZ,miss-kazakhstan.store,store,self-registered / other,registered domain,active,,,,,medium,https://miss-kazakhstan.store,2026-09-27,Phishing.Database
molyabest.kz,domain,kz-hosted,,unknown,molyabest.kz,kz,self-registered / other,registered domain,active,,,,,low,https://molyabest.kz,2026-09-27,Phishing.Database
molyamoney.kz,domain,kz-hosted,,unknown,molyamoney.kz,kz,self-registered / other,registered domain,active,,,,,low,https://molyamoney.kz,2026-09-27,Phishing.Database
mtiahq.mylp.kz,domain,kz-hosted,,unknown,mylp.kz,kz,mylp.kz,free subdomain platform,active,P-mylp.kz,,,,low,,2026-09-27,Phishing.Database
nakonay-money.kz,domain,kz-hosted,,unknown,nakonay-money.kz,kz,self-registered / other,registered domain,active,,,,,low,,2026-09-27,Phishing.Database
nakonways.kz,domain,kz-hosted,,unknown,nakonways.kz,kz,self-registered / other,registered domain,active,,,,,low,,2026-09-27,Phishing.Database
nazym.kz,domain,kz-hosted,,unknown,nazym.kz,kz,self-registered / other,registered domain,active,,,,,low,https://nazym.kz,2026-09-27,Phishing.Database
nazymhanym.kz,domain,kz-hosted,,unknown,nazymhanym.kz,kz,self-registered / other,registered domain,inactive,,,,,low,https://nazymhanym.kz,2026-09-27,Phishing.Database
nazymtabys.kz,domain,kz-hosted,,unknown,nazymtabys.kz,kz,self-registered / other,registered domain,active,,,,,low,https://nazymtabys.kz,2026-09-27,Phishing.Database
ndsj0d.mylp.kz,domain,kz-hosted,,unknown,mylp.kz,kz,mylp.kz,free subdomain platform,active,P-mylp.kz,,,,low,http://ndsj0d.mylp.kz/?new=3d1626207693225,2026-09-27,Phishing.Database
nerekebot.kz,domain,kz-hosted,,unknown,nerekebot.kz,kz,self-registered / other,registered domain,active,,,,,low,https://nerekebot.kz,2026-09-27,Phishing.Database
new.aks-shop.kz,domain,kz-hosted,,unknown,aks-shop.kz,kz,self-registered / other,registered domain,active,,/login/portalserver/signin,,,low,http://new.aks-shop.kz/login/portalserver/signin,2026-09-27,Phishing.Database
nikanet.kz,domain,kz-hosted,,unknown,nikanet.kz,kz,self-registered / other,registered domain,active,,,,,low,,2026-09-27,Phishing.Database
nncrz-uslugi.kz,domain,kz-hosted,,unknown,nncrz-uslugi.kz,kz,self-registered / other,compromised CMS site,active,,/wp-content/plugins/lk/liinkedinhardest,,,low,https://nncrz-uslugi.kz/wp-content/plugins/lk/liinkedinhardest/900,2026-09-27,Phishing.Database
node45646-fatura-online-renner.jcloud.kz,domain,kz-hosted,,Brazil banking/retail,jcloud.kz,kz,jcloud.kz,free subdomain platform,active,P-jcloud.kz,,,,low,https://node45646-fatura-online-renner.jcloud.kz,2026-09-27,Phishing.Database
nokbba.mylp.kz,domain,kz-hosted,,unknown,mylp.kz,kz,mylp.kz,free subdomain platform,active,P-mylp.kz,,,,low,,2026-09-27,Phishing.Database
nurlab.kz,domain,kz-hosted,,US/EU banking,nurlab.kz,kz,self-registered / other,compromised CMS site,active,,/wp-content/dkb/clients/login.php,,,low,https://nurlab.kz/wp-content/dkb/clients/login.php?verification=,2026-09-27,Phishing.Database
ofp.kz,domain,kz-hosted,,unknown,ofp.kz,kz,self-registered / other,registered domain,active,,,,,low,,2026-09-27,Phishing.Database
olimppbt.kz,domain,kz-hosted,,unknown,olimppbt.kz,kz,self-registered / other,registered domain,active,,,,,low,https://olimppbt.kz,2026-09-27,Phishing.Database
olxkz.pay-sacure4ds.ru,domain,brand-impersonation,OLX.kz,OLX.kz,pay-sacure4ds.ru,ru,self-registered / other,registered domain,active,,,,,medium,https://olxkz.pay-sacure4ds.ru,2026-09-27,Phishing.Database
opansea.com.kz,domain,kz-hosted,,Crypto/NFT,opansea.com.kz,com.kz,self-registered / other,registered domain,active,F-opensea,,,,medium,https://opansea.com.kz,2026-09-27,Phishing.Database
opensea-io.com.kz,domain,kz-hosted,,Crypto/NFT,opensea-io.com.kz,com.kz,self-registered / other,registered domain,active,F-opensea,,,,medium,https://opensea-io.com.kz,2026-09-27,Phishing.Database
opensea-io.kz,domain,kz-hosted,,Crypto/NFT,opensea-io.kz,kz,self-registered / other,registered domain,active,F-opensea,,,,medium,https://opensea-io.kz,2026-09-27,Phishing.Database
opensea.com.kz,domain,kz-hosted,,Crypto/NFT,opensea.com.kz,com.kz,self-registered / other,registered domain,active,F-opensea,,,,medium,https://opensea.com.kz,2026-09-27,Phishing.Database
opensea.org.kz,domain,kz-hosted,,Crypto/NFT,opensea.org.kz,org.kz,self-registered / other,registered domain,active,F-opensea,,,,medium,https://opensea.org.kz,2026-09-27,Phishing.Database
openskills.kz,domain,kz-hosted,,unknown,openskills.kz,kz,self-registered / other,registered domain,active,,,,,low,,2026-09-27,Phishing.Database
opersea-io.org.kz,domain,kz-hosted,,Crypto/NFT,opersea-io.org.kz,org.kz,self-registered / other,registered domain,active,F-opensea,,,,medium,https://opersea-io.org.kz,2026-09-27,Phishing.Database
opersea.com.kz,domain,kz-hosted,,Crypto/NFT,opersea.com.kz,com.kz,self-registered / other,registered domain,active,F-opensea,,,,medium,https://opersea.com.kz,2026-09-27,Phishing.Database
owa.kz,domain,kz-hosted,,Microsoft/Webmail,owa.kz,kz,self-registered / other,registered domain,active,,,,,low,,2026-09-27,Phishing.Database
partschina.kz,domain,kz-hosted,,unknown,partschina.kz,kz,self-registered / other,registered domain,active,,,,,low,,2026-09-27,Phishing.Database
pdphab.mylp.kz,domain,kz-hosted,,unknown,mylp.kz,kz,mylp.kz,free subdomain platform,active,P-mylp.kz,,,,low,,2026-09-27,Phishing.Database
phytomills.kz,domain,kz-hosted,,unknown,phytomills.kz,kz,self-registered / other,registered domain,active,,/-/*/execution.html,,,low,http://phytomills.kz/-/3fb1e7cea51ad50b3285fa5c5339eef3/execution.html?redacted=,2026-09-27,Phishing.Database
plants.kz,domain,kz-hosted,,unknown,plants.kz,kz,self-registered / other,registered domain,active,,,,,low,,2026-09-27,Phishing.Database
pop.bs-land.kz,domain,kz-hosted,,unknown,bs-land.kz,kz,self-registered / other,registered domain,active,,,,,low,https://pop.bs-land.kz,2026-09-27,Phishing.Database
post-kz.lol,domain,brand-impersonation,Kazpost,Kazpost,post-kz.lol,lol,self-registered / other,registered domain,active,,,,,medium,https://post-kz.lol,2026-09-27,Phishing.Database
postsfb-0589860986.sakinat-taro.kz,domain,kz-hosted,,unknown,sakinat-taro.kz,kz,self-registered / other,registered domain,inactive,,,,,low,https://postsfb-0589860986.sakinat-taro.kz/connect.html?timelimit=68c2f085aa73fa7a2bbc7f86ad2e66fd,2026-09-27,Phishing.Database
premier-optika.kz,domain,kz-hosted,,unknown,premier-optika.kz,kz,self-registered / other,registered domain,active,,,,,low,,2026-09-27,Phishing.Database
pysykkelin.kz,domain,kz-hosted,,unknown,pysykkelin.kz,kz,self-registered / other,registered domain,active,,,,,low,https://pysykkelin.kz,2026-09-27,Phishing.Database
qaisarqaisar.kz,domain,kz-hosted,,unknown,qaisarqaisar.kz,kz,self-registered / other,registered domain,active,,,,,low,https://qaisarqaisar.kz,2026-09-27,Phishing.Database
qazalipbi.kz,domain,kz-hosted,,unknown,qazalipbi.kz,kz,self-registered / other,compromised CMS site,active,,/wp-includes/ixr/index-121-90.html,,,low,https://qazalipbi.kz/wp-includes/ixr/index-121-90.html,2026-09-27,Phishing.Database
qujat.kz,domain,kz-hosted,,unknown,qujat.kz,kz,self-registered / other,registered domain,active,,,,,low,https://qujat.kz/cogdd.html,2026-09-27,Phishing.Database
r.oblox.com.kz,domain,kz-hosted,,Social/Media,oblox.com.kz,com.kz,self-registered / other,registered domain,active,,,,,low,,2026-09-27,Phishing.Database
realizesolucoesfinanceiras.com.kz,domain,kz-hosted,,unknown,realizesolucoesfinanceiras.com.kz,com.kz,self-registered / other,registered domain,active,,,,,low,,2026-09-27,Phishing.Database
retificademotores-9865352.jcloud.kz,domain,kz-hosted,,unknown,jcloud.kz,kz,jcloud.kz,free subdomain platform,active,P-jcloud.kz,,,,low,https://retificademotores-9865352.jcloud.kz,2026-09-27,Phishing.Database
rm699.mylp.kz,domain,kz-hosted,,unknown,mylp.kz,kz,mylp.kz,free subdomain platform,active,P-mylp.kz,,,,low,,2026-09-27,Phishing.Database
roblox.com.kz,domain,kz-hosted,,Social/Media,roblox.com.kz,com.kz,self-registered / other,registered domain,active,,/users/*/profileprivateserverlinkcode=6411303568573140629023122,,,low,http://roblox.com.kz/users/830886599/profileprivateserverlinkcode=6411303568573140629023122,2026-09-27,Phishing.Database
roninsushi.kz,domain,kz-hosted,,unknown,roninsushi.kz,kz,self-registered / other,compromised CMS site,active,,/wp-admin/js/*/index.php,,,low,https://roninsushi.kz/wp-admin/js/nb12538z/index.php?uid=3mail%40b.c,2026-09-27,Phishing.Database
sad3.ayagoz-roo.kz,domain,kz-hosted,,unknown,ayagoz-roo.kz,kz,self-registered / other,registered domain,active,,,,,low,,2026-09-27,Phishing.Database
saryagashbronoffice.kz,domain,kz-hosted,,Microsoft/Webmail,saryagashbronoffice.kz,kz,self-registered / other,registered domain,active,,/*/clients/login.php,,,low,https://saryagashbronoffice.kz/tdbank/clients/login.php,2026-09-27,Phishing.Database
sct.kz,domain,kz-hosted,,US/EU banking,sct.kz,kz,self-registered / other,registered domain,active,,/hr/otp/otbbank-v5,,,low,https://sct.kz/hr/otp/otbbank-v5,2026-09-27,Phishing.Database
search.fe.kz,domain,kz-hosted,,Logistics,fe.kz,kz,self-registered / other,registered domain,active,,,,,low,https://search.fe.kz/diepost.php,2026-09-27,Phishing.Database
semeyainasy.kz,domain,kz-hosted,,unknown,semeyainasy.kz,kz,self-registered / other,compromised CMS site,active,,/wp-content/banners/anuayomi,,,low,https://semeyainasy.kz/wp-content/banners/anuayomi,2026-09-27,Phishing.Database
sistema-erro480254-conta.jcloud.kz,domain,kz-hosted,,unknown,jcloud.kz,kz,jcloud.kz,free subdomain platform,active,P-jcloud.kz,,,,low,https://sistema-erro480254-conta.jcloud.kz,2026-09-27,Phishing.Database
skazki-olga-bogacheva.kz,domain,kz-hosted,,unknown,skazki-olga-bogacheva.kz,kz,self-registered / other,registered domain,active,,,,,low,,2026-09-27,Phishing.Database
soporteapple.com.kz,domain,kz-hosted,,Apple/iCloud,soporteapple.com.kz,com.kz,self-registered / other,registered domain,active,C01-kit,/m/sing/*,,,medium,https://soporteapple.com.kz/m/sing/ia3zj,2026-09-27,Phishing.Database
spotifyapp.atekps.kz,domain,kz-hosted,,Social/Media,atekps.kz,kz,self-registered / other,registered domain,active,,,,,low,https://spotifyapp.atekps.kz/svg,2026-09-27,Phishing.Database
stormprof.kz,domain,kz-hosted,,Logistics,stormprof.kz,kz,self-registered / other,registered domain,active,,/postaajvdjevch/iuzfgtcuf/hjqsdshgzkefbj/adovisszaterites.php,,,low,https://stormprof.kz/postaajvdjevch/iuzfgtcuf/hjqsdshgzkefbj/adovisszaterites.php,2026-09-27,Phishing.Database
sula.kz,domain,kz-hosted,,unknown,sula.kz,kz,self-registered / other,registered domain,active,,,,,low,https://sula.kz,2026-09-27,Phishing.Database
suport-mail-conta-n475841.jcloud.kz,domain,kz-hosted,,unknown,jcloud.kz,kz,jcloud.kz,free subdomain platform,active,P-jcloud.kz,,,,low,https://suport-mail-conta-n475841.jcloud.kz,2026-09-27,Phishing.Database
supportapple.com.kz,domain,kz-hosted,,Apple/iCloud,supportapple.com.kz,com.kz,self-registered / other,registered domain,active,C02-kit,/la/*,,,medium,https://supportapple.com.kz/la/rnkjj,2026-09-27,Phishing.Database
t64i7.mylp.kz,domain,kz-hosted,,unknown,mylp.kz,kz,mylp.kz,free subdomain platform,active,P-mylp.kz,,,,low,http://t64i7.mylp.kz/?new=1626143183098,2026-09-27,Phishing.Database
tanauto.kz,domain,kz-hosted,,unknown,tanauto.kz,kz,self-registered / other,registered domain,active,,,,,low,http://tanauto.kz/?url=https%3A%2F%2Fstt-wiworotomo.ac.id%2Fauth%2Fnow%2Foncor%286%29%2F%2F%2F3mail%40b.c,2026-09-27,Phishing.Database
tntm2o.mylp.kz,domain,kz-hosted,,unknown,mylp.kz,kz,mylp.kz,free subdomain platform,active,P-mylp.kz,,,,low,http://tntm2o.mylp.kz,2026-09-27,Phishing.Database
to1am.mylp.kz,domain,kz-hosted,,unknown,mylp.kz,kz,mylp.kz,free subdomain platform,inactive,P-mylp.kz,,,,low,http://to1am.mylp.kz/?new=1626225307163,2026-09-27,Phishing.Database
tours.kassir.kz,domain,kz-hosted,,unknown,kassir.kz,kz,self-registered / other,registered domain,active,,/emirate/grlg.php,,,low,http://tours.kassir.kz/emirate/grlg.php?email=%5Bredacted-email%5D,2026-09-27,Phishing.Database
tp.ukgu.kz,domain,kz-hosted,,unknown,ukgu.kz,kz,self-registered / other,compromised CMS site,active,,/sites/default/files/udo,,,low,http://tp.ukgu.kz/sites/default/files/udo/akunuba/amencn-1/index.php?email=%5Bredacted-email%5D,2026-09-27,Phishing.Database
trade-company.kz,domain,kz-hosted,,unknown,trade-company.kz,kz,self-registered / other,registered domain,active,,,,,low,https://trade-company.kz/it.html?0768=,2026-09-27,Phishing.Database
ts55ry.mylp.kz,domain,kz-hosted,,unknown,mylp.kz,kz,mylp.kz,free subdomain platform,active,P-mylp.kz,,,,low,http://ts55ry.mylp.kz/?new=1626225114327,2026-09-27,Phishing.Database
tsp.kz,domain,kz-hosted,,unknown,tsp.kz,kz,self-registered / other,registered domain,active,,,,,low,,2026-09-27,Phishing.Database
unbounce-93467443.jcloud.kz,domain,kz-hosted,,unknown,jcloud.kz,kz,jcloud.kz,free subdomain platform,active,P-jcloud.kz,,,,low,http://unbounce-93467443.jcloud.kz/?190151=,2026-09-27,Phishing.Database
uniswap.com.kz,domain,kz-hosted,,Crypto/NFT,uniswap.com.kz,com.kz,self-registered / other,registered domain,active,,,,,low,https://uniswap.com.kz,2026-09-27,Phishing.Database
uzbekkrut.kz,domain,kz-hosted,,unknown,uzbekkrut.kz,kz,self-registered / other,registered domain,active,,,,,low,http://uzbekkrut.kz,2026-09-27,Phishing.Database
versh.kupi-business.kz,domain,kz-hosted,,Logistics,kupi-business.kz,kz,self-registered / other,registered domain,inactive,,/.anjelo/pp/dhl_topscript/source,,,low,https://versh.kupi-business.kz/.anjelo/pp/dhl_topscript/source/?email=,2026-09-27,Phishing.Database
almirakelinka.kz,domain,kz-hosted,,unknown,almirakelinka.kz,kz,self-registered / other,registered domain,active,,,,,low,https://www.almirakelinka.kz,2026-09-27,Phishing.Database
kazniisa.kz,domain,kz-hosted,,unknown,kazniisa.kz,kz,self-registered / other,registered domain,inactive,,/language/en,,,low,http://www.kazniisa.kz/language/en,2026-09-27,Phishing.Database
kemenger.kz,domain,kz-hosted,,unknown,kemenger.kz,kz,self-registered / other,registered domain,active,,/simplepie/components/wednesday/september,,,low,https://www.kemenger.kz/simplepie/components/wednesday/september/95a02e0c55b743e25d24a8d13619dc8e/login.php?sslchannel=true&sessionid=fqmymbwvfk7ogimgga0feaf0jjpvpdecgvs5ihwllcju66lietx8vgt4wb9kjlww6hbas4wymsxxpebn1ozbeq5oja3wlcnbcgwfvop4rapp6s9esiszexenurdwuzxqvz,2026-09-27,Phishing.Database
miaccount.com.kz,domain,kz-hosted,,Apple/iCloud,miaccount.com.kz,com.kz,self-registered / other,registered domain,active,C01-kit,/m/sing/*,,,medium,https://www.miaccount.com.kz/m/sing/a36dj,2026-09-27,Phishing.Database
opensea-io.org.kz,domain,kz-hosted,,Crypto/NFT,opensea-io.org.kz,org.kz,self-registered / other,registered domain,active,F-opensea,,,,medium,https://www.opensea-io.org.kz,2026-09-27,Phishing.Database
qube.kz,domain,kz-hosted,,Microsoft/Webmail,qube.kz,kz,self-registered / other,registered domain,active,,/assets/webmail-rd127,,,low,https://www.qube.kz/assets/webmail-rd127,2026-09-27,Phishing.Database
styling.kz,domain,kz-hosted,,unknown,styling.kz,kz,self-registered / other,registered domain,active,,/dikgqecqbv/a../deactivation/source,,,low,https://www.styling.kz/dikgqecqbv/a../deactivation/source/?email=%5Bredacted-email%5D,2026-09-27,Phishing.Database
zhurek.kz,domain,kz-hosted,,unknown,zhurek.kz,kz,self-registered / other,registered domain,active,,/images/han,,,low,https://zhurek.kz/images/han,2026-09-27,Phishing.Database
zlihaorig.kz,domain,kz-hosted,,unknown,zlihaorig.kz,kz,self-registered / other,registered domain,active,,,,,low,http://zlihaorig.kz,2026-09-27,Phishing.Database
zond.kz,domain,kz-hosted,,unknown,zond.kz,kz,self-registered / other,compromised CMS site,active,,/wordpress/wp-content/tye/login,,,low,https://zond.kz/wordpress/wp-content/tye/login,2026-09-27,Phishing.Database
zont-online.kz,domain,kz-hosted,,unknown,zont-online.kz,kz,self-registered / other,compromised CMS site,active,,/wp-content/languages/plugins/usafever.antworten.283387842102viewitemitem.283387842102.nfrage.ansehenocsnext.deocscusrquery.2882.domain.mail1073.html,,,low,https://zont-online.kz/wp-content/languages/plugins/usafever.antworten.283387842102viewitemitem.283387842102.nfrage.ansehenocsnext.deocscusrquery.2882.domain.mail1073.html,2026-09-27,Phishing.Database
zzzxm.mylp.kz,domain,kz-hosted,,unknown,mylp.kz,kz,mylp.kz,free subdomain platform,active,P-mylp.kz,,,,low,http://zzzxm.mylp.kz/?new=1626225230407,2026-09-27,Phishing.Database
